Site Id	Metals	Metals Info	Ligands
1a49_2	K;Mg;	K_4732(G)_K;MG_4734(G)_MG;MG_4736(G)_MG;	ASN_4274(G), SER_4276(G), ASP_4312(G), THR_4313(G) ATP_4735(G), HOH_7049(G);GLU_4471(G), ASP_4495(G) OXL_4733(G), ATP_4735(G), HOH_6671(G);ATP_4735(G), HOH_6177(G), HOH_6256(G), HOH_6349(G);
1a9x_1	Mn;Mn;K;	MN_5901(E)_MN;MN_5902(E)_MN;K_5904(E)_K;K_5942(E)_K;	GLU_4299(E), ASN_4301(E) ADP_5900(E), PO4_5906(E), HOH_6698(E);GLN_4285(E), GLU_4299(E) ADP_5900(E), PO4_5906(E), HOH_6707(E);GLU_4127(E), GLU_4299(E), MET_4300(E) HOH_6083(E);GLU_4217(E), GLN_4285(E) PO4_5906(E)
1a9x_3	K	K_5903(E)_K;	GLU_4215(E), ASN_4236(E), ASP_4238(E), ALA_4239(E), ILE_4242(E), SER_4247(E);
1a9x_8	K	K_1940(A)_K;	ASP_84(A), GLY_112(A), THR_114(A) HOH_2628(A);
1a9x_9	K	K_1941(B)_K;	HIS_1516(B), ASP_1612(B) HOH_1984(B);
1a9x_10	Mn;K	MN_1911(A)_MN;K_1912(A)_K;	GLN_829(A), GLU_841(A) ADP_1910(A);GLU_841(A), ASN_843(A) ADP_1910(A);
1a9x_19	K	K_7943(G)_K;	THR_6143(G) HOH_677(G), HOH_678(G);
1ad1_1	K	K_1(B)_K;	VAL_75(B), PHE_77(B), VAL_79(B) HOH_291(B);
1aqf_1	K;	K_533(A)_K;MG_534(A)_MG;	ASN_74(A), SER_76(A), THR_113(A) PEQ_532(A);GLU_271(A), ASP_295(A) PEQ_532(A);
1arx_3	K	K_682(A)_K;	HOH_898(A);
1arz_1	K	K_1816(D)_K;	ALA_25(D), LEU_26(D), LEU_28(D), VAL_31(D);
1bl8_1	K;	K_402(A)_K;K_403(A)_K;	;THR_75(B);
1bo8_1	K	K_317(A)_K;	SER_183(A), TRP_185(A);
1bup_1	Mg;K;	MG_487(A)_MG;K_490(A)_K;K_491(A)_K;	ADP_486(A), PO4_488(A), HOH_560(A), HOH_561(A), HOH_562(A), HOH_563(A);ASP_10(A), TYR_15(A) HOH_558(A), HOH_563(A);THR_204(A), ASP_206(A) PO4_488(A);
1bxr_2	Mn;K	MN_1074(A)_MN;K_1076(A)_K;	GLU_299(A), ASN_301(A) ANP_1083(A), HOH_1393(A);MET_300(A) HOH_1199(A), HOH_1200(A);
1bxr_23	K	K_3988(G)_K;	CYS_551(G), ASN_554(G) HOH_4390(G);
1c1d_1	K	K_850(A)_K;	ASP_118(A), THR_121(A) HOH_1493(A), HOH_1602(A);
1c1d_2	K	K_853(A)_K;	VAL_136(A), ARG_139(A), GLU_299(A);
1c1d_6	K	K_851(B)_K;	SER_172(B), ASP_174(B) HOH_1194(B), HOH_1421(B);
1c1x_4	K	K_853(A)_K;	TRP_8(A), GLY_10(A) HOH_1868(A);
1c7j_1	K	K_500(A)_K;	THR_2(A), HIS_3(A);
1d7u_1	K	K_436(A)_K;	LEU_78(A), SER_80(A), THR_303(A), VAL_305(A), ASP_307(A) HOH_529(A);
1dk1_2	K	K_213(A)_K;	HIS_150(A);
1doi_1	K	K_202(A)_K;	ASP_81(A) HOH_274(A), HOH_426(A);
1doi_2	K	K_201(A)_K;	ASP_12(A) HOH_418(A);
1doi_3	K	K_203(A)_K;	SER_28(A), MET_30(A) HOH_374(A);
1doi_4	K	K_205(A)_K;	GLU_94(A), ASN_97(A) HOH_439(A);
1doi_5	Fe;Fe;	FES_129(A)_FE2;FES_129(A)_FE1;K_204(A)_K;	CYS_71(A), CYS_102(A) FES_129(A);CYS_63(A), CYS_68(A) FES_129(A);CYS_71(A), ALA_72(A) HOH_211(A);
1doi_6	K	K_206(A)_K;	THR_2(A), GLU_110(A);
1e12_1	K	K_503(A)_K;	GLY_83(A), VAL_86(A);
1eex_3	K	K_604(L)_K;	GLY_261(L), SER_264(L), GLU_265(L), GLU_280(L) HOH_624(L);
1eex_4	K	K_603(A)_K;	GLN_141(A), GLU_170(A), GLU_221(A), GLN_296(A), SER_362(A) PGO_602(A);
1ehy_1	K	K_297(C)_K;	ASP_181(C), SER_184(C), ARG_186(C) HOH_559(C);
1elu_1	K	K_1002(B)_K;	ASN_317(B), LEU_319(B), VAL_322(B) HOH_1237(B);
1eu3_3	K	K_403(A)_K;	HOH_870(A);
1fl1_1	K	K_1001(B)_K;	HIS_171(B), HIS_175(B);
1fp7_1	K	K_282(A)_K;	GLU_1098(A) HOH_186(A);
1fpi_1	K;K;	K_336(A)_K;K_337(A)_K;K_338(A)_K;	GLU_97(A), GLU_98(A), LEU_120(A);GLU_97(A), ASP_118(A), ASP_121(A), GLU_280(A) AHG_340(A);;
1fqe_2	K	K_700(A)_K;	ALA_151(A), ASN_152(A), PHE_154(A), GLN_169(A) HOH_799(A);
1g31_1	K	K_1181(F)_K;	HOH_1215(G);
1g31_3	K	K_1183(A)_K;	PO4_151(B), HOH_1245(A);
1g31_4	K	K_181(E)_K;	LEU_35(E);
1g31_5	K	K_1182(G)_K;	HOH_1185(G);
1g8m_1	K	K_1002(B)_K;	VAL_426(B), THR_429(B), LEU_590(B);
1gmk_1	K	K_17(A)_K;	TRP_13(A) FOR_0(B);
1gmk_2	K	K_17(C)_K;	FOR_0(D);
1gmk_3	K	K_17(D)_K;	DVA_6(D), DVA_8(D);
1gmk_4	K	K_17(B)_K;	DVA_6(B);
1gup_1	K	K_353(A)_K;	ASN_153(B), GLY_166(B) HOH_458(B);
1gzg_6	K	K_1339(B)_K;	ASP_37(B), ASP_319(B);
1h54_1	K	K_1754(A)_K;	TYR_488(A), GLU_489(A), ILE_585(A), LEU_586(A), SER_588(A);
1h89_1	K	K_1193(C)_K;	ALA_170(C), LEU_173(C), ARG_176(C);
1h89_2	K	K_1192(C)_K;	ALA_119(C), LEU_122(C), ARG_125(C);
1ijv_1	K	K_109(B)_K;	SO4_101(B), HOH_202(B);
1iwb_5	K	K_2604(A)_K;	LEU_203(A), GLU_205(A), GLU_208(A), THR_222(A);
3imq_1	K	K_140(A)_K;	LEU_35(A), ALA_36(A), GLN_38(A);
2x21_3	K	K_1167(M)_K;	LYS_68(M), ASP_84(M) HOH_2136(M), HOH_2143(M);
2x21_4	K	K_1168(M)_K;	GLU_133(M) CL_1163(M), HOH_2204(M);
2x21_6	K	K_1165(M)_K;	HOH_2082(M), HOH_2083(M), HOH_2115(M), HOH_2160(M);
2x21_10	K	K_1166(M)_K;	GLU_101(M);
1usb_1	K	K_3001(A)_K;	LYS_152(A), SER_154(A), ASP_157(A);
2al1_1	K	K_960(B)_K;	ALA_313(B) HOH_1053(B);
2al1_4	K	K_961(B)_K;	SER_95(B) HOH_1226(B), HOH_1684(B);
2ghs_1	K	K_315(A)_K;	ASP_96(A), GLU_116(A), LEU_119(A), ASN_122(A) HOH_320(A);
1j5y_1	K	K_202(A)_K;	LEU_18(A), SER_21(A), LEU_64(A);
1j95_1	K;K;K;	K_201(A)_K;K_202(A)_K;K_203(A)_K;K_204(B)_K;	GLY_77(C), TYR_78(B);VAL_76(B), GLY_77(C);THR_75(A), VAL_76(B);THR_75(A)
2apo_1	K	K_503(A)_K;	SER_204(A);
2x6a_1	K;	K_1300(A)_K;K_1301(A)_K;	THR_96(A), ILE_97(A);THR_96(A);
2x6a_2	K	K_1299(A)_K;	GLY_98(A), TYR_99(A);
2x6b_2	K;	K_1302(A)_K;K_1303(A)_K;	ILE_97(A);GLY_98(A), TYR_99(A);
2x6c_1	K;K;K;K;	K_1305(A)_K;K_1306(A)_K;K_1307(A)_K;K_1308(A)_K;K_1314(A)_K;	ILE_97(A), GLY_98(A);THR_96(A), ILE_97(A);THR_96(A);GLY_98(A), TYR_99(A);
2gix_1	K	K_800(A)_K;	HOH_820(A), HOH_823(A), HOH_825(B), HOH_871(D), HOH_901(C), HOH_903(B), HOH_942(A);
3irp_1	K;	K_1(X)_K;K_2(X)_K;	ASP_775(X), ASP_778(X), ASP_780(X) HOH_29(X), HOH_56(X), HOH_72(X);ASN_771(X), ASP_775(X), ASP_778(X), ASP_780(X) HOH_200(X), HOH_296(X), HOH_352(X);
3irp_2	K	K_5(X)_K;	ASN_399(X), VAL_402(X), ALA_531(X), GLU_533(X) HOH_24(X), HOH_111(X);
3irp_3	K	K_3(X)_K;	ASP_705(X), ASN_707(X), ASP_709(X), VAL_711(X), ASN_713(X), ASP_714(X);
3irp_4	K	K_4(X)_K;	ASP_438(X), VAL_440(X), VAL_496(X);
2x7x_1	K	K_1336(A)_K;	GLU_239(A), MET_242(A);
2x7x_2	K	K_1337(A)_K;	ILE_180(A), PHE_183(A), ILE_186(A) HOH_2007(A), HOH_2021(A);
2gj8_1	Al;Mg;	ALF_621(C)_AL;MG_622(C)_MG;K_623(C)_K;	ALF_621(C), GDP_652(C), HOH_656(C);SER_230(C), THR_251(C) ALF_621(C), GDP_652(C), HOH_653(C), HOH_654(C);ASN_226(C), THR_245(C), ILE_247(C) ALF_621(C), GDP_652(C);
3oyt_1	K	K_408(A)_K;	ASN_297(A), VAL_298(A), GLU_343(A), SER_388(A), ASN_389(A);
3oyz_1	K;	K_601(A)_K;K_603(A)_K;	MET_173(A), LYS_175(A), ASN_178(A), GLU_181(A) HOH_483(A);PRO_176(A), ASN_178(A), ASN_179(A);
3oyz_2	K	K_602(A)_K;	SER_217(A), SER_221(A), GLY_252(A);
3is7_1	K	K_159(E)_K;	ASN_148(E), GLN_151(Q);
3is7_4	K	K_160(N)_K;	ASN_148(N), GLN_151(T);
2as3_2	K	K_600(A)_K;	LEU_177(A) HOH_1004(A);
2as4_1	Fe;K	HEM_400(A)_FE;K_600(A)_K;	HIS_175(A) HEM_400(A), HOH_1415(A);HIS_175(A), LEU_177(A) HOH_1004(A);
2asc_1	K	K_2001(A)_K;	GLU_16(A), TYR_22(A);
2atk_3	K	K_131(C)_K;	HIS_124(C);
3ise_6	K	K_160(N)_K;	GLN_151(N);
3ise_27	K	K_162(B)_K;	GLN_151(H);
3isf_1	K	K_159(A)_K;	GLN_151(A);
3isf_2	K	K_160(B)_K;	ASN_148(E), GLN_151(F);
1jbs_2	K	K_406(C)_K;	G_14(C) HOH_216(A), HOH_435(C);
1p7l_1	K;Mg;	K_686(C)_K;MG_687(D)_MG;MG_688(C)_MG;	ASP_238(C);PPK_684(C);ASP_16(C) PPK_684(C);
1p7l_2	K;Mg;	K_886(D)_K;MG_887(C)_MG;MG_888(D)_MG;	;ASP_271(C) PPK_884(D);ASP_16(D) PPK_884(D);
3iv3_1	K	K_337(A)_K;	GLU_238(A), THR_241(A), ASP_242(A);
3iv3_2	K	K_332(A)_K;	LYS_13(A), SER_15(A), SER_65(A), GLU_84(A) HOH_678(A);
1p9e_2	K	K_502(A)_K;	ASP_172(A), HIS_232(A) HOH_695(A);
1p9e_4	K;	K_501(A)_K;NA_505(A)_NA;	GLU_142(A) HOH_693(A);;
1p9e_9	K	K_504(B)_K;	ASP_54(B);
1p9e_10	K	K_503(A)_K;	GLN_136(A), GLU_138(A) HOH_696(A);
1pcq_1	Mg;Al;	MG_601(A)_MG;AF3_602(A)_AL;K_603(A)_K;	ASP_87(A) ADP_600(A), AF3_602(A);ADP_600(A), AF3_602(A);LYS_51(A) AF3_602(A);
1pr9_1	K	K_246(A)_K;	2HP_247(A);
2b3h_3	K	K_405(A)_K;	SER_205(A), ASN_207(A), VAL_209(A), SER_363(A) HOH_508(A);
3p10_4	K	K_163(C)_K;	HOH_283(A), HOH_286(A), HOH_363(B), HOH_364(C);
3p1f_1	K	K_1(B)_K;	TRP_1165(B), LEU_1166(B), ASN_1168(B) EDO_6(A), HOH_162(B), HOH_225(A);
3p1m_5	K	K_192(C)_K;	SER_177(C), ASP_179(C) FLC_5(C);
3p1v_1	K	K_428(A)_K;	ALA_58(A), GLU_172(A), CYS_175(A), ASP_177(A), GLU_275(A) HOH_616(A);
2b4v_1	K	K_1(A)_K;	LEU_285(A), HIS_286(A), GLY_288(A), PRO_289(A) HOH_516(A), HOH_696(A), HOH_701(A);
2xdr_3	K	K_1494(A)_K;	LYS_457(A), GLY_460(A);
2b5w_2	K	K_904(A)_K;	PRO_237(A), TYR_240(A);
2b5w_3	K	K_902(A)_K;	ASP_172(A), PRO_173(A), LYS_197(A), GLY_198(A);
2b5w_4	K	K_901(A)_K;	ASP_344(A), THR_347(A);
2b5w_6	K	K_903(A)_K;	THR_315(A);
2xex_1	K	K_1694(A)_K;	ASP_373(A) HOH_2018(A);
1v3z_1	K	K_501(B)_K;	GLN_64(B), PRO_66(B), ALA_69(B) HOH_549(B), HOH_553(B), HOH_563(B);
3d87_1	K	K_5004(B)_K;	LEU_95(B);
3jsr_1	K	K_120(A)_K;	ALA_61(A), CYS_63(A) HOH_214(A);
1pvn_1	K	K_988(A)_K;	GLY_20(A), SER_22(A), ASP_264(D), PHE_266(D), ASN_460(A);
1pvn_2	K	K_987(A)_K;	GLY_20(B), SER_22(B), ASP_264(A), PHE_266(A), ASN_460(B);
1pvn_3	K	K_982(B)_K;	GLY_314(A), GLY_316(A), CYS_319(A), GLU_485(B), GLY_486(B), GLY_487(B);
1pvn_4	K	K_981(A)_K;	GLY_314(D), GLY_316(D), CYS_319(D), GLU_485(A), GLY_487(A);
2gq2_1	K	K_602(D)_K;	NAP_300(B);
2gq2_2	K	K_601(C)_K;	NAP_300(A), HOH_628(B);
2gq2_3	K	K_604(B)_K;	NAP_300(D), HOH_610(C);
3dcl_1	K	K_289(B)_K;	GLY_41(B), GLY_42(B), THR_44(B), GLU_62(B), GLY_64(B), SER_66(B);
1jdb_6	Mn;Mn;	MN_1079(K)_MN;MN_1080(K)_MN;K_1084(K)_K;	GLN_828(K), GLU_840(K) ADP_1096(K), HOH_1121(K), HOH_1122(K);GLU_840(K), ASN_842(K) ADP_1096(K), HOH_1123(K);VAL_841(K);
3jw4_1	K	K_146(A)_K;	THR_123(A), LYS_124(A), LEU_126(A) HOH_186(A), HOH_214(A);
2xi4_1	K	K_1010(A)_K;	GLU_163(A), GLU_260(A), HIS_264(A);
1q11_1	K	K_701(A)_K;	ALA_43(A), TYR_52(A), TYR_97(A);
2xmc_1	K	K_1553(A)_K;	HOH_2212(A);
3dec_1	K	K_1101(A)_K;	PRO_900(A), LEU_942(A), GLU_943(A), ALA_945(A) HOH_1102(A), HOH_1103(A);
3jzp_1	K	K_201(A)_K;	GLN_64(A), TYR_66(A) HOH_12(A), HOH_123(A);
3k03_2	K	K_7(A)_K;	HOH_1(A);
3k06_1	K;K;K;	K_2(A)_K;K_4(A)_K;K_5(A)_K;K_8(A)_K;	THR_63(A), VAL_64(A);THR_63(A);GLY_65(A) HOH_14(A);HOH_14(A), HOH_116(A)
3k06_2	K;K;	K_1(B)_K;K_3(B)_K;K_7(B)_K;	THR_63(B), VAL_64(B);THR_63(B);GLY_65(B);
3k06_3	K	K_9(B)_K;	HOH_143(B);
1jf8_1	K	K_133(A)_K;	ASN_13(A), SER_36(A), THR_63(A), ASP_65(A) HOH_144(A), HOH_199(A);
2xpt_1	K	K_1210(A)_K;	THR_103(A) TDC_1209(A), HOH_2171(A);
2xpt_2	K	K_1214(A)_K;	GLU_172(A);
3k0d_2	K;K;K;K;	K_4(A)_K;K_5(A)_K;K_6(A)_K;K_8(A)_K;K_9(A)_K;	THR_63(A);THR_63(A);;;
1jg5_1	K	K_1503(B)_K;	GLN_8(B), ARG_10(B), VAL_13(B);
3k13_7	K	K_645(A)_K;	THH_642(A);
1vbw_2	K	K_1102(A)_K;	GLN_11(A), VAL_13(A) HOH_3006(A), HOH_3074(A), HOH_3075(A);
3k2x_4	K	K_166(A)_K;	HOH_175(A), HOH_199(B), HOH_229(B), HOH_279(A);
2bfd_2	K	K_502(B)_K;	GLY_128(B), LEU_130(B), CYS_178(B), ASP_181(B), ASN_183(B) HOH_2148(B);
2bfd_3	K	K_501(A)_K;	SER_161(A), PRO_163(A), THR_166(A), GLN_167(A) HOH_2117(A);
1vg9_1	K	K_3307(F)_K;	GLN_71(F) P33_3306(F), HOH_9210(F);
2xtl_1	K	K_1641(A)_K;	ASP_326(A), VAL_327(A), ASN_448(A), PRO_449(A), GLU_451(A) HOH_2310(A);
2xtl_3	K	K_1642(A)_K;	LYS_614(A), LYS_629(A);
2xwe_1	K	K_1503(A)_K;	GLY_344(A), LYS_346(A), GLU_349(A);
3dil_7	K	K_200(A)_K;	G_115(A) LYS_175(A), HOH_797(A);
3dil_9	Na;K	NA_226(A)_NA;K_231(A)_K;	U_109(A) HOH_456(A), HOH_990(A), HOH_996(A), HOH_1027(A), HOH_1044(A);HOH_456(A), HOH_689(A), HOH_792(A), HOH_1027(A);
3dil_11	Na;Na;	NA_211(A)_NA;NA_219(A)_NA;K_230(A)_K;	HOH_1232(A), HOH_1233(A), HOH_1234(A), HOH_1235(A), HOH_1236(A);HOH_405(A), HOH_488(A), HOH_634(A), HOH_947(A), HOH_1025(A), HOH_1045(A);HOH_315(A), HOH_925(A), HOH_1045(A), HOH_1235(A), HOH_1236(A);
3dio_25	K	K_200(X)_K;	G_115(X) LYS_175(X), HOH_339(X), HOH_403(X);
1jjw_1	K	K_503(C)_K;	GLY_157(C), CYS_160(C), THR_163(C) HOH_439(C), HOH_454(C);
3dix_5	K	K_200(A)_K;	G_11(A), G_115(A) LYS_175(A);
3diy_1	K;	K_200(A)_K;NA_205(A)_NA;	G_11(A) LYS_175(A);G_11(A), G_12(A);
3diz_8	K	K_200(A)_K;	G_11(A) LYS_175(A);
1vm0_1	K	K_300(B)_K;	GLU_120(B), GLU_122(B) HOH_437(B);
1vm0_2	K	K_301(A)_K;	LYS_19(A), ARG_22(A), TYR_42(A) HOH_422(A);
1vph_1	K	K_138(A)_K;	HIS_79(A), ASP_83(A), ASN_85(A), HIS_89(A) HOH_177(A);
2p74_1	K	K_1007(B)_K;	SER_70(B), SER_130(B), ASN_132(B) PO4_1002(B), HOH_2520(B), HOH_2748(B);
2bkp_1	K	K_1001(A)_K;	VAL_66(A), ALA_69(A);
2bkp_2	K	K_1002(A)_K;	HOH_2053(A);
2p7t_1	K;K;K;K;K	K_501(C)_K;K_502(C)_K;K_503(C)_K;K_504(C)_K;K_505(C)_K;K_506(C)_K;	;HOH_510(C);;;;
3pei_3	K	K_490(A)_K;	THR_193(A), TYR_196(A), PHE_199(A);
3kbx_1	K	K_71(A)_K;	SER_33(A);
1qb6_2	K	K_302(A)_K;	SER_183(A);
3pi7_1	K	K_354(A)_K;	ASP_18(A), TYR_20(A) PO4_352(A), HOH_384(A);
2h5f_1	K	K_305(A)_K;	ASN_14(A), THR_17(A), SER_19(A);
2y4o_2	K	K_1440(A)_K;	ALA_218(A), GLY_339(A), ASN_341(A) DLL_1441(A);
3du0_2	K	K_294(B)_K;	SER_48(B), ALA_49(B), LEU_51(B) HOH_383(A), HOH_412(B);
1jvj_1	K;	K_501(A)_K;K_503(A)_K;	MET_211(A), ALA_213(A), ASP_233(A) HOH_550(A);ALA_217(A), LEU_221(A), ARG_222(A), ASP_233(A);
2pa2_1	K	K_2(B)_K;	LYS_156(B), PHE_159(B), GLY_161(B), GLN_163(B);
3kf0_2	K	K_307(A)_K;	GLY_94(A), THR_96(A);
2h88_3	K	K_253(O)_K;	MET_191(O), ASP_193(O) HOH_1040(O), HOH_1082(O);
2h88_10	K	K_622(N)_K;	ASN_366(N), GLY_368(N), GLU_397(N), ALA_399(N);
1jwv_1	K	K_5(A)_K;	HOH_388(A), HOH_391(A), HOH_666(A);
1jwv_3	K;	K_2(A)_K;K_3(A)_K;	GLU_58(A) HOH_402(A);HOH_314(A), HOH_402(A), HOH_464(A);
2h8d_2	K	K_1001(C)_K;	ASP_75(C) HOH_1375(C), HOH_1376(C), HOH_1380(C);
3kfn_1	K	K_306(B)_K;	GLY_94(B), ASN_98(A) HOH_354(B), HOH_399(B);
3kfn_2	K	K_307(A)_K;	GLY_94(A), THR_96(A), ASN_98(B) HOH_355(A);
2h8p_2	K;K;K;K;	K_101(C)_K;K_102(C)_K;K_103(C)_K;K_104(C)_K;K_106(C)_K;	TYR_78(C);GLY_77(C);THR_75(C);THR_75(C);
1qj5_1	K	K_501(B)_K;	VAL_96(B), THR_99(B), PRO_100(B), LEU_103(B) HOH_2109(B);
2pga_3	K	K_8221(E)_K;	GLU_5049(E);
3ply_4	K	K_109(C)_K;	VAL_22(C);
3e15_3	K	K_305(C)_K;	SER_101(C);
2pmu_1	K	K_2003(E)_K;	ASN_148(E), ARG_150(E);
2pmu_2	K	K_2001(D)_K;	ASP_200(D), HIS_201(D), TRP_203(D);
3pot_9	K	K_561(A)_K;	ARG_216(D), CYS_218(D);
3pp9_1	K	K_188(C)_K;	GLN_139(C);
3e3s_3	K	K_1007(A)_K;	ARG_171(A) HOH_1244(A), HOH_1251(A);
3e3s_4	K	K_1008(A)_K;	ASP_113(A) HOH_1243(A);
2pur_1	K	K_802(B)_K;	ALA_152(B), VAL_154(B), ILE_157(B) HOH_994(B);
3pug_2	Mg;K	MG_601(A)_MG;K_803(A)_K;	ASP_52(A), GLU_158(A), ASP_192(A) HOH_476(A), GLV_501(A);GLU_51(A), ASP_52(A), ASP_192(A) HOH_476(A);
1k28_1	K	K_585(A)_K;	HOH_799(A), HOH_885(A);
2hw8_2	K	K_229(A)_K;	U_30(B), GLU_42(A), THR_216(A);
1qv0_1	K	K_403(A)_K;	PHE_155(A), ARG_156(A), CYS_158(A) HOH_1102(A), HOH_1105(A), HOH_1164(A);
2q01_1	K	K_503(C)_K;	ALA_373(C), TYR_376(C), LEU_379(C), ASN_409(C) HOH_599(A);
2q01_3	K	K_501(A)_K;	SER_73(B), ALA_373(A), TYR_376(A), LEU_379(A), ASN_409(A) HOH_604(A);
3pw3_2	K	K_412(C)_K;	SER_273(C), GLU_274(C), GLU_335(C) HOH_1589(C), HOH_1840(C);
3pw3_3	K	K_414(C)_K;	ASP_78(C), LEU_79(C), GLU_81(C), GLU_126(C) HOH_1169(C), HOH_1724(C);
1k4d_2	K	K_2002(C)_K;	THR_75(C);
2hzv_2	K	K_404(G)_K;	GLU_30(G), ILE_116(H), GLN_118(H);
2hzv_8	K	K_406(E)_K;	SER_82(E);
2hzv_10	Ni;K	NI_305(F)_NI;K_405(H)_K;	HIS_76(H), HIS_87(F), HIS_89(F), CYS_95(F);HIS_79(H), SER_82(H), HIS_89(F);
1k6y_3	Zn;K	ZN_404(D)_ZN;K_454(D)_K;	HIS_12(D), HIS_16(D), CYS_40(D), CYS_43(D);CYS_40(D);
1vq9_69	K	K_9002(0)_K;	ARG_82(M), U_172(0) HOH_9324(M), HOH_9731(0);
2q5b_1	K	K_502(A)_K;	TYR_88(A) HOH_607(A);
2q5b_2	Zn;K	ZN_107(C)_ZN;K_501(C)_K;	ASP_44(C), ASP_45(C), HIS_61(A) HOH_505(C), HOH_511(C);ASP_44(C), THR_86(C) HOH_513(C);
2q5b_3	Zn;K	ZN_107(A)_ZN;K_501(A)_K;	ASP_44(A), ASP_45(A), HIS_61(B) HOH_507(B), HOH_613(A);ASP_44(A), THR_86(A);
2q5b_5	K	K_502(C)_K;	VAL_98(C);
3e8f_1	Ba;K;K;	BA_1(A)_BA;K_5(A)_K;K_6(A)_K;K_9(A)_K;	THR_63(A), VAL_64(A);;THR_63(A);HOH_507(A)
3e8h_1	K	K_8(B)_K;	GLY_67(B);
3e8h_4	K;	K_3(A)_K;K_10(A)_K;	GLY_67(A);;
2bty_1	K	K_1285(A)_K;	ASP_160(A);
3e9c_1	K	K_267(A)_K;	VAL_195(A), LEU_198(A), PRO_203(B);
3e9c_2	K	K_266(A)_K;	VAL_195(B), GLU_196(B), LEU_198(B), LEU_202(A), PRO_203(A) HOH_282(A);
2q8g_1	K	K_437(A)_K;	ALA_50(A), PHE_52(A), ASN_89(A), TYR_403(A) HOH_740(A);
2ycb_4	K	K_1643(A)_K;	VAL_227(A), PHE_230(A);
2yd0_3	K	K_1948(A)_K;	ASP_295(A);
2yi9_2	K	K_1794(A)_K;	VAL_177(A), ASN_182(A), ASN_184(A), ASN_409(A), GLY_512(A), ASN_514(A);
2i2x_1	Zn;K	ZN_507(M)_ZN;K_517(M)_K;	GLU_164(M), CYS_220(M), CYS_269(M);GLU_86(M), GLU_164(M) HOH_615(M);
2c44_1	K	K_1472(A)_K;	GLN_107(A), GLN_301(A), GLU_302(B);
3en2_1	K	K_103(A)_K;	GLN_36(A);
3en2_2	K	K_102(A)_K;	ARG_14(A) HOH_111(A);
1r64_2	K	K_801(A)_K;	TRP_467(A), ALA_500(A) HOH_1221(A);
1r64_6	K	K_800(A)_K;	ALA_191(A), GLU_192(A), SER_194(A), TYR_261(A);
1r64_10	K	K_802(A)_K;	LEU_246(A) HOH_1244(A), HOH_1920(B), HOH_2002(B), HOH_2043(B);
1r64_11	K	K_803(B)_K;	HOH_2083(B);
3eu8_1	K	K_2(D)_K;	SER_32(D), THR_35(D) HOH_676(A);
2ib8_1	K	K_3002(B)_K;	TYR_219(B), ALA_281(B), ALA_283(B), VAL_381(B) HOH_5069(B);
1kax_1	Mg;K;K;	MG_487(A)_MG;K_490(A)_K;K_491(A)_K;K_492(A)_K;	ATP_486(A), HOH_1057(A), HOH_1058(A), HOH_1059(A), HOH_1060(A);ASP_10(A), TYR_15(A) ATP_486(A), HOH_1071(A);THR_204(A), ASP_206(A) ATP_486(A);TYR_149(A), THR_204(A), ASP_206(A) HOH_1061(A)
1rb6_1	K	K_801(C)_K;	GLU_22(C) HOH_922(B);
1rhc_1	K	K_397(A)_K;	ASP_166(A) HOH_431(A);
1rm6_11	K	K_771(D)_K;	ALA_144(D), PRO_152(D) HOH_6490(D), HOH_7201(D), HOH_9047(D);
1vqo_101	Mg;K	MG_8040(0)_MG;K_9002(0)_K;	U_172(0) HOH_8443(0), HOH_9338(M);U_163(0), U_172(0) HOH_9641(0), HOH_9772(0);
3l01_1	K	K_5601(B)_K;	GLU_339(B);
3l27_1	K	K_1(D)_K;	LEU_232(D), GLY_234(D) HOH_2(D);
1w5p_1	K	K_1341(A)_K;	ARG_26(A);
2ih1_1	K;K;K;K;	K_201(C)_K;K_202(C)_K;K_203(C)_K;K_207(C)_K;K_229(C)_K;	THR_75(C);;THR_75(C);DAL_77(C);
2ih3_1	K;K;K;K;K	K_201(C)_K;K_202(C)_K;K_203(C)_K;K_204(C)_K;K_206(C)_K;K_207(C)_K;	THR_75(C), VAL_76(C);VAL_76(C) DAL_77(C);TYR_78(C) DAL_77(C);THR_75(C);;
3q3v_1	K	K_402(B)_K;	ALA_136(B), VAL_139(B);
3q3v_2	K	K_401(A)_K;	SER_343(A), GLY_345(A) HOH_427(A);
3exi_2	K	K_1002(B)_K;	GLU_173(B) HOH_2103(B), HOH_2166(B);
1kee_18	K	K_5058(E)_K;	ASN_570(E), ASN_602(E);
3l5k_1	K	K_229(A)_K;	ASP_14(A), ASP_16(A), ASP_176(A) HOH_298(A);
2ihu_1	K	K_602(A)_K;	GLU_396(A), ALA_399(A);
2ihu_8	K	K_1502(C)_K;	HOH_675(D), HOH_789(D), HOH_1537(C), HOH_1723(C);
1keq_1	K	K_305(A)_K;	ASP_171(A), GLN_173(A) HOH_449(A);
2c92_1	K	K_1161(E)_K;	ALA_70(E), HIS_73(E), THR_110(E) HOH_2029(E), HOH_2064(E), HOH_2102(E);
2c92_2	K	K_1163(B)_K;	LEU_156(B), ARG_157(B) HOH_2138(B);
2c92_3	K	K_1162(A)_K;	ALA_34(A), ALA_129(A), GLY_130(A), ASP_137(A);
2c94_2	K	K_1164(B)_K;	ARG_84(B), ASN_120(B);
2c9b_1	K	K_1162(A)_K;	LEU_156(A);
3q8k_3	K	K_1101(A)_K;	DT_5(D), ILE_238(A) HOH_627(A), HOH_628(D);
1wcf_1	K	K_1163(A)_K;	ASP_89(A) HOH_2140(A), HOH_2147(A), HOH_2180(A);
1wcf_2	K	K_1162(A)_K;	LYS_127(A), GLU_130(A), LYS_133(A) HOH_2236(A);
2qgg_1	K	K_201(A)_K;	THR_146(A), SER_149(A), ASP_151(A);
2qiz_1	K	K_962(A)_K;	PHE_166(A), SER_222(A);
2qki_1	K	K_602(C)_K;	ALA_1400(C), GLY_1402(C), ARG_1405(C) HOH_522(C);
2qki_3	K	K_3002(A)_K;	PRO_505(A), ASP_532(A), VAL_533(A), ASP_535(A);
2qki_4	K	K_3003(D)_K;	ARG_13(D), ALA_601(D);
2qks_1	K;K;K;	K_408(B)_K;K_409(B)_K;K_410(B)_K;K_411(B)_K;	GLY_94(B), TYR_95(B);VAL_93(B), GLY_94(B);THR_92(B);
2qks_2	K;K;K;	K_401(A)_K;K_402(A)_K;K_403(A)_K;K_404(A)_K;	GLY_94(A), TYR_95(A);VAL_93(A), GLY_94(A);THR_92(A);HOH_528(A)
2qks_3	K	K_412(B)_K;	HOH_486(B);
2qm2_2	K	K_201(A)_K;	ASN_70(B), GLU_110(A), ILE_112(A) HOH_251(B);
1rtx_2	K	K_129(A)_K;	HOH_205(A), HOH_206(A);
3q9b_4	K	K_345(H)_K;	ASP_289(H), SER_292(H) HOH_1859(H);
3l8d_1	K	K_243(A)_K;	THR_177(A);
2irf_1	K	K_4003(I)_K;	MET_485(I), ASN_486(I), LEU_488(I), ILE_491(I);
3qc5_1	K	K_1(X)_K;	ASP_399(X), GLU_401(X), ASP_427(X), ASN_428(X), ASP_490(X);
3ldc_1	K;K;K;	K_1(A)_K;K_2(A)_K;K_3(A)_K;K_4(A)_K;	GLY_61(A), TYR_62(A);VAL_60(A), GLY_61(A);THR_59(A), VAL_60(A);THR_59(A)
3ldc_2	K	K_5(A)_K;	HOH_101(A), HOH_102(A);
3qe9_1	K	K_353(Y)_K;	DA_15(C), SER_222(Y), SER_229(Y), ILE_233(Y) HOH_92(C);
3qek_1	K	K_501(A)_K;	ASP_130(A), ILE_133(A), HIS_134(A) HOH_522(A);
1kp8_1	K;	K_549(M)_K;MG_550(M)_MG;	THR_30(M), LYS_51(M) ATP_1(M), HOH_5508(M), HOH_5509(M), HOH_5510(M), HOH_5511(M);ASP_87(M) ATP_1(M), HOH_5456(M), HOH_5457(M);
1kp8_5	K	K_549(E)_K;	LYS_132(E), ALA_133(E), SER_135(E) HOH_1900(E);
3lib_6	K	K_6(E)_K;	SER_152(E);
1rxy_1	K	K_1001(A)_K;	GLU_49(A), ILE_69(B), SER_73(A);
3llp_1	K	K_497(B)_K;	THR_275(B), ARG_276(B), GLY_278(B) HOH_599(B);
3llp_2	K	K_497(A)_K;	GLN_141(A), GLN_258(A), TYR_493(A);
3lm7_1	K	K_401(B)_K;	ALA_208(A) HOH_400(B), HOH_552(A), HOH_650(A);
3lnm_1	K;K;K;K;	K_501(B)_K;K_502(B)_K;K_503(B)_K;K_504(B)_K;K_505(B)_K;	TYR_373(B);VAL_371(B), GLY_372(B);THR_370(B), VAL_371(B);THR_370(B);
1s5h_2	K;K;K;K;	K_401(C)_K;K_402(C)_K;K_403(C)_K;K_406(C)_K;K_407(C)_K;	TYR_78(C);VAL_76(C), GLY_77(C);CYS_75(C);;
2qto_1	K;	K_1(A)_K;K_2(A)_K;	THR_75(B);THR_75(B), VAL_76(D);
2qto_2	K	K_3(A)_K;	TYR_78(A);
3lut_1	K;K;K;K;	K_500(B)_K;K_501(B)_K;K_502(B)_K;K_503(B)_K;K_504(B)_K;	THR_374(B);THR_374(B);;;
2qv6_1	K;Na;	K_301(D)_K;CA_302(D)_CA;NA_303(D)_NA;	ARG_22(B), GLU_24(B), ASP_230(D) GTP_300(D);ASP_138(D), ILE_139(D), ASP_183(D) GTP_300(D);ASP_138(D), ASP_183(D), ASN_184(D) GTP_300(D), HOH_343(D);
2qv6_2	K;Na;	K_301(B)_K;CA_302(B)_CA;NA_303(B)_NA;	ARG_22(D), GLU_24(D), ASP_230(B) GTP_300(B);ASP_138(B), ILE_139(B), ASP_183(B) GTP_300(B);ASP_138(B), ASP_183(B), ASN_184(B) GTP_300(B), HOH_344(B);
1s61_3	K	K_401(A)_K;	GLN_79(A), VAL_80(A), GLN_82(A) HOH_437(A);
2qyo_9	K	K_360(B)_K;	HIS_262(B), ASP_293(B), GLU_323(B) HOH_703(B);
1wjx_1	K	K_151(A)_K;	HIS_11(A), ASP_12(A);
3f7j_1	K;	K_281(B)_K;K_282(B)_K;	NO3_280(A);HOH_486(A), HOH_668(B);
3f8v_1	K	K_174(A)_K;	ILE_58(A) HOH_342(A), HOH_371(A), HOH_400(A);
2izq_1	K	K_1016(B)_K;	DLE_4(B), HOH_2004(B), HOH_2007(B), HOH_2014(A), HOH_2017(A), HOH_2021(A), HOH_2025(A);
2izq_2	K	K_1016(A)_K;	DVA_6(A), DVA_8(B), HOH_2008(B), HOH_2010(B), HOH_2011(A), HOH_2012(A), HOH_2016(A), HOH_2018(A);
2izq_3	K	K_1017(C)_K;	TRP_9(C) DLE_10(D), HOH_2005(C), HOH_2006(C), HOH_2008(C), HOH_2009(C), HOH_2011(D);
2izq_4	K	K_1017(A)_K;	GLY_2(A) DLE_14(B), HOH_2001(A), HOH_2002(A), HOH_2003(A), HOH_2004(A), HOH_2005(A), HOH_2008(A), HOH_2029(A);
2izq_5	K	K_1016(D)_K;	FOR_0(D), DLE_14(C), HOH_2001(D), HOH_2002(D), HOH_2003(D), HOH_2006(D), HOH_2014(C), HOH_2017(C), HOH_2018(C);
3qla_3	K	K_290(A)_K;	LYS_183(A), ILE_186(A), MET_205(D) HOH_109(D);
2j0a_1	K	K_1320(A)_K;	ALA_118(A), LEU_226(A), LEU_229(A), THR_234(A) HOH_2051(A);
2j0e_5	K;	K_1266(B)_K;HG_1267(B)_HG;	CYS_247(B) HOH_2232(B);CYS_247(B);
3fd5_1	Mg;Mg;K;	MG_395(B)_MG;MG_396(B)_MG;MG_397(B)_MG;K_398(B)_K;	ASP_69(B), ASP_110(B), ASP_265(B) AP2_393(B), HOH_399(B), HOH_590(B);ASP_87(B), ASP_110(B) AP2_393(B), PO4_394(B), HOH_399(B), HOH_719(B);ASP_87(B), GLN_163(A) AP2_393(B), PO4_394(B), HOH_661(A);THR_85(B)
2r9r_1	K;K;K;	K_496(B)_K;K_497(B)_K;K_498(B)_K;K_499(B)_K;	TYR_373(B);VAL_371(B), GLY_372(B);THR_370(B), VAL_371(B);THR_370(B)
3m62_1	K	K_963(A)_K;	PRO_491(A) 1PE_962(A);
3qov_2	K	K_441(A)_K;	LYS_84(A), GLY_87(A), LYS_128(B), GLY_155(B) HOH_581(A);
3qov_3	K	K_443(C)_K;	LYS_84(D), GLY_87(D), LYS_128(C), GLY_155(C) HOH_600(D);
3qre_1	K	K_279(A)_K;	HOH_325(A);
2rdg_1	K	K_605(A)_K;	GLN_99(A), ASN_100(A) HOH_664(A), HOH_832(A), HOH_944(A);
2rdg_2	K	K_606(A)_K;	GLN_11(A) CIT_608(A), HOH_854(A);
2rdg_3	K	K_607(A)_K;	SER_108(A), GLY_110(A) HOH_752(A);
1wxx_1	K	K_1402(C)_K;	ASP_185(C), ARG_187(C), GLN_190(C) HOH_1552(C);
3md7_4	K	K_302(A)_K;	MET_252(A), THR_255(A), PRO_256(A), VAL_259(A) HOH_599(A);
3qw2_2	K	K_394(A)_K;	TYR_325(C), ASP_329(D);
2j41_1	K	K_1207(B)_K;	TYR_36(B), SER_39(B), GLU_103(B) HOH_2030(B), HOH_2083(B);
2rgq_1	K	K_144(A)_K;	HOH_181(A), HOH_206(C), HOH_220(B);
3qxz_1	K	K_263(A)_K;	GLU_172(B) HOH_553(B), HOH_559(A), HOH_563(C);
3qxz_2	K	K_262(B)_K;	LEU_42(B), ASP_43(B), ASP_45(B), VAL_48(B), THR_95(B) HOH_589(B);
3fkw_1	K	K_504(B)_K;	HOH_1420(B);
2rky_1	K	K_1(C)_K;	GLU_153(C) SCN_246(C);
3fn2_1	K	K_201(A)_K;	GLY_85(B), GLY_87(B) HOH_166(B);
2cvi_1	K	K_1092(B)_K;	LEU_23(B), MET_25(B), VAL_28(B) HOH_1110(B), HOH_1115(B), HOH_1180(B);
2cz8_1	K	K_1151(C)_K;	GLU_19(D);
2cz8_2	K	K_1150(A)_K;	GLU_19(A);
2czl_1	K	K_601(A)_K;	PHE_149(A) XPE_501(A);
1sub_2	K	K_297(A)_K;	GLY_169(A), TYR_171(A), VAL_174(A) HOH_444(A);
1sud_2	Ca;K	CA_296(A)_CA;K_297(A)_K;	GLU_195(A), ASP_197(A) HOH_368(A);GLY_169(A), TYR_171(A), VAL_174(A) HOH_368(A);
2sgd_1	K	K_501(E)_K;	ALA_192(E), GLY_218(E) HOH_86(I), HOH_596(E);
2sge_1	K	K_501(E)_K;	GLU_18(I), ALA_192(E), GLY_218(E) HOH_71(I), HOH_87(I), HOH_591(E);
1l8h_8	K	K_259(G)_K;	ARG_153(G);
3mio_1	K	K_309(A)_K;	VAL_50(A), ARG_51(A), THR_53(A);
2j7p_3	K	K_1402(E)_K;	LEU_257(E), GLY_259(E), ALA_261(E) HOH_2020(E), HOH_2091(E), HOH_2095(E);
3r6h_1	K	K_300(A)_K;	GLU_130(A) HOH_374(A);
3mlb_1	K	K_190(A)_K;	PHE_70(A);
3mlb_2	K	K_190(B)_K;	GLU_76(B);
3r7k_1	K	K_400(A)_K;	THR_93(A);
3r7k_3	K	K_401(C)_K;	TYR_373(D) HOH_412(D), HOH_413(C), HOH_414(C);
1xck_14	K	K_3140(B)_K;	HOH_3149(B);
3fwf_2	K	K_716(B)_K;	HOH_541(B);
2uu9_84	K	K_2195(Z)_K;	GLU_62(R), ASN_100(F);
3fwg_2	K	K_715(B)_K;	PRO_15(B), PRO_16(B), VAL_18(B), GLU_20(B) HOH_8(B);
1t36_5	K	K_383(H)_K;	HOH_1422(G), HOH_1423(G);
1t60_3	K	K_5102(D)_K;	TYR_63(F), TYR_189(D);
1t60_4	K	K_5103(G)_K;	TYR_189(G);
1t60_12	K	K_5107(U)_K;	ASN_65(U);
1lhr_1	Zn;K	ZN_404(B)_ZN;K_406(B)_K;	ATP_402(B);THR_148(B) ATP_402(B), HOH_418(B);
1li9_1	K	K_3(A)_K;	GLU_63(A) HOH_355(A), HOH_652(A), HOH_653(A);
2uub_16	Mg;Mg;	MG_1152(Z)_MG;MG_1153(Z)_MG;K_1229(Z)_K;	;ILE_65(Q);G_257(A);
2uub_61	K	K_1240(Z)_K;	GLU_96(Q), G_247(A);
1xgk_1	K	K_504(A)_K;	ARG_139(A), LEU_141(A) HOH_1006(A);
1xgk_2	K	K_965(A)_K;	GLN_140(A);
1xgk_3	K	K_503(A)_K;	GLN_48(A), ILE_50(A), VAL_53(A) HOH_1373(A), HOH_1396(A), HOH_2010(A);
1xgk_4	K	K_966(A)_K;	SER_111(A), SER_112(A), ALA_150(A) HOH_1064(A);
2uuc_159	K	K_1234(Z)_K;	GLY_114(E);
1xky_1	K	K_1804(D)_K;	ILE_176(D), THR_179(D), ALA_180(D) HOH_1911(D), HOH_1965(D);
1xky_4	K;	K_1802(B)_K;K_1809(B)_K;	ILE_176(B), THR_179(B), ALA_180(B) HOH_1888(B), HOH_1910(B);ILE_176(B), GLU_177(B), THR_179(B) HOH_1888(B);
1xl4_1	K;K;	K_1001(A)_K;K_1002(A)_K;K_1003(A)_K;	;GLY_98(A), TYR_99(A) HOH_2003(A);ILE_97(A) HOH_2002(A);
1xl4_2	K	K_1004(A)_K;	THR_96(A);
1xl6_1	K;K;K;K;	K_1001(A)_K;K_1002(A)_K;K_1003(A)_K;K_1004(A)_K;K_1005(B)_K;	;TYR_99(B);THR_96(B);GLY_98(B) HOH_2002(A);
3rih_1	K	K_272(B)_K;	GLY_64(B), GLY_67(B), GLY_69(B) HOH_308(B), HOH_500(B), HOH_598(B);
1lwg_1	K	K_325(A)_K;	GLU_11(A), TYR_18(A), GLY_28(A), GLY_30(A);
2jbz_2	K	K_1125(A)_K;	HIS_0(A), SER_2(A);
1t9b_1	K	K_696(B)_K;	GLN_343(B), ASP_350(B), GLN_506(B), TRP_508(B) HOH_4232(B);
1ta9_1	Zn;K	ZN_1502(A)_ZN;K_1503(A)_K;	ASP_232(A), HIS_315(A), HIS_333(A) GOL_1401(A);ASP_182(A), ASP_232(A), SER_235(A), THR_236(A) HOH_1540(A);
1xr6_1	K	K_461(A)_K;	LEU_267(A), CYS_268(A), SER_270(A), GLY_283(A), GLY_284(A);
2uyy_1	K	K_1554(C)_K;	GLY_397(C), GLN_418(C), GLY_421(C) HOH_2035(C);
3rss_1	K	K_491(A)_K;	ASN_52(A), ASP_114(A), PHE_117(A), VAL_146(A), VAL_148(A), SER_150(A);
3ryd_1	K	K_266(C)_K;	THR_168(C), ILE_254(C), LEU_255(C), ALA_257(C);
3ryd_5	K	K_269(A)_K;	PHE_173(A), SER_176(A) HOH_307(C);
3s28_1	K	K_931(F)_K;	LEU_184(F), ARG_185(F), HIS_187(F), LEU_194(F), LEU_196(F);
1ti7_2	K	K_382(A)_K;	SER_117(A), GLY_120(A) HOH_1155(A), HOH_1413(A);
3s7k_1	K	K_402(C)_K;	TYR_14(C), TYR_134(D) HOH_295(D);
3s83_1	K	K_549(A)_K;	GLU_323(A), ASN_384(A), GLU_416(A), ASP_446(A) HOH_735(A), HOH_736(A);
3s83_2	K	K_548(A)_K;	SER_320(A), TYR_521(A), ASP_546(A) HOH_560(A), HOH_709(A), HOH_710(A);
3mz4_1	Mn;K	MN_390(B)_MN;K_391(B)_K;	ASP_178(B), HIS_180(B), ASP_267(B) B3N_501(B);ASP_176(B), ASP_178(B), HIS_180(B), SER_199(B), LEU_200(B);
3mz6_2	Fe;K	FE2_400(A)_FE;K_401(A)_K;	ASP_178(A), HIS_180(A), ASP_267(A) HOH_397(A), HOH_545(A);ASP_176(A), ASP_178(A), HIS_180(A), SER_199(A), LEU_200(A);
3mz7_1	Co;K	CO_390(A)_CO;K_391(A)_K;	ASP_178(A), HIS_180(A), ASP_267(A) B3N_701(A);ASP_176(A), ASP_178(A), HIS_180(A), SER_199(A), LEU_200(A);
3sbq_2	K	K_705(B)_K;	LYS_454(B), GLU_469(B) HOH_644(B), HOH_831(B), HOH_985(A);
3gah_1	Mg;K	MG_189(A)_MG;K_191(A)_K;	HOH_192(A), HOH_193(A), ATP_999(A);ILE_3(A) ATP_999(A);
3gai_1	K	K_191(A)_K;	PRO_76(A), ALA_77(A), ASP_79(A), HIS_82(A) HOH_260(A), HOH_264(A);
3gai_2	Mg;K	MG_189(A)_MG;K_190(A)_K;	ASN_156(A) HOH_203(A), HOH_206(A), ATP_999(A);ASP_160(A) ATP_999(A);
3gaj_3	K	K_182(A)_K;	ILE_3(A) ATP_999(A);
3ge2_1	K	K_201(A)_K;	ASN_134(A) HOH_321(A);
3sil_1	K	K_450(A)_K;	PO4_499(A), HOH_958(A);
3gko_2	K	K_303(A)_K;	ILE_88(A), TYR_91(A), ILE_94(A);
3spc_2	K;K;K;	K_501(A)_K;K_502(A)_K;K_503(A)_K;K_504(A)_K;	GLY_145(A), TYR_146(A);ILE_144(A), GLY_145(A);THR_143(A), ILE_144(A);THR_143(A)
3spg_1	K;K;K;	K_501(A)_K;K_502(A)_K;K_503(A)_K;K_504(A)_K;	GLY_145(A), TYR_146(A);ILE_144(A), GLY_145(A);THR_143(A), ILE_144(A);THR_143(A)
1m40_1	K	K_1000(A)_K;	LEU_57(A), GLU_58(A);
1m40_2	K	K_1003(A)_K;	MET_211(A), ALA_213(A), ASP_233(A) HOH_1421(A);
1m40_3	K	K_1001(A)_K;	TYR_97(A), LEU_113(A) HOH_1098(A), HOH_1192(A), HOH_1203(A);
1m40_4	K	K_1002(A)_K;	HOH_1054(A), HOH_1075(A), HOH_1241(A), HOH_1554(A);
2dv6_1	K	K_4503(C)_K;	GLU_369(C), LYS_404(C), ASP_406(C) HOH_2549(A), HOH_4515(C), HOH_4565(C);
3ss6_3	K	K_395(A)_K;	SER_97(B);
3ss7_1	K	K_503(X)_K;	CYS_278(X), GLY_279(X), GLU_305(X) HOH_854(X);
3ss8_1	K;Al;	K_301(B)_K;MG_302(B)_MG;ALF_303(B)_AL;	GLY_29(B), TRP_31(B) GDP_300(B), ALF_303(B);THR_15(B), THR_35(B) HOH_271(B), HOH_272(B), GDP_300(B), ALF_303(B);HOH_273(B), GDP_300(B), ALF_303(B);
1m5h_1	K	K_8018(E)_K;	GLU_4057(E), ILE_4187(E), VAL_4190(E), VAL_4193(E);
1m5h_2	K	K_8021(G)_K;	ALA_6099(G);
1m5h_4	K	K_8022(F)_K;	ALA_5054(F), PRO_5196(F);
1m5h_5	K	K_8019(A)_K;	ALA_54(A), PRO_196(A), GLU_1039(B);
2zxe_2	K;	K_2003(A)_K;K_2004(A)_K;	THR_779(A), SER_782(A), ASN_783(A), ASP_811(A) HOH_5010(A);VAL_329(A), ALA_330(A), VAL_332(A), GLU_786(A), ASP_811(A);
2zxe_3	K	K_2005(A)_K;	LEU_725(A), LYS_726(A), ALA_728(A), ASP_747(A);
3n58_1	K	K_1(C)_K;	THR_385(C) HOH_479(C);
3n5k_2	K	K_2003(A)_K;	LEU_711(A), LYS_712(A), ALA_714(A), GLU_732(A);
3n5k_3	K	K_2003(B)_K;	LEU_711(B), LYS_712(B), ALA_714(B), GLU_732(B);
3syq_1	K;K;K;	K_501(A)_K;K_502(A)_K;K_503(A)_K;K_504(A)_K;	GLY_156(A);ILE_155(A), GLY_156(A);THR_154(A), ILE_155(A);THR_154(B)
3sza_1	K	K_602(A)_K;	ASP_322(A) HOH_460(A), HOH_872(A);
3sza_2	K	K_603(A)_K;	LYS_439(A), TYR_442(A) HOH_564(A), HOH_1065(A);
3sza_3	K	K_601(B)_K;	GLU_79(B), TRP_80(B), ALA_82(B) HOH_524(B), HOH_559(B);
3gvf_1	K	K_177(A)_K;	ASP_11(A), LEU_12(A), GLN_14(A);
3gvx_1	K	K_291(A)_K;	HIS_88(A), THR_117(B), VAL_256(A) HOH_296(B);
3gvx_2	K	K_291(B)_K;	HIS_88(B) HOH_303(B);
2dwu_1	K	K_277(B)_K;	TYR_164(C), THR_242(B), VAL_265(B), ASP_266(B) HOH_309(B);
2dwu_2	K	K_277(C)_K;	TYR_164(B), THR_242(C), VAL_265(C), ASP_266(C) HOH_452(B);
2dwu_3	K	K_277(A)_K;	TYR_164(A);
2vgb_3	K;	K_586(B)_K;MN_587(B)_MN;	ASP_156(B), THR_157(B) PGA_581(B);GLU_315(B), ASP_339(B) PGA_581(B);
1tyy_2	K	K_405(A)_K;	ALA_180(A), ALA_181(A), ALA_183(A);
1u12_3	K	K_455(A)_K;	SO4_144(A);
1u1i_1	K	K_1197(C)_K;	ASP_1104(C) NAD_1196(C), HOH_1601(C);
1u7x_1	K	K_500(A)_K;	ASP_2(A), GLU_5(A);
1ud6_1	K	K_1003(A)_K;	ASN_289(A), VAL_324(A), ASP_325(A), SER_337(A);
1ud6_2	K	K_1004(A)_K;	ASN_452(A) HOH_2009(A);
1ud6_3	K	K_1002(A)_K;	GLY_300(A), TYR_302(A), TRP_403(A), ASP_404(A) HOH_2110(A);
1ud6_4	K	K_1001(A)_K;	ASN_104(A), ASP_194(A), ASN_200(A), HIS_235(A) HOH_2014(A);
2vjj_1	Ca;K	CA_710(A)_CA;K_712(A)_K;	GLY_211(A) RAM_720(A), HOH_2137(A), HOH_2138(A), HOH_2203(A), HOH_2719(A);;
2vkp_1	K	K_1109(B)_K;	ILE_74(B), ASP_75(B) HOH_2068(B);
2vqe_109	K	K_284(Z)_K;	GLU_62(R);
2vqf_142	K	K_252(Z)_K;	ARG_140(E);
2vqf_146	K	K_254(Z)_K;	ARG_25(T);
2vqf_171	K	K_283(Z)_K;	LEU_98(F);
2vwj_1	K	K_1758(A)_K;	ASN_568(A), LEU_571(A), GLY_573(A), LEU_575(A) HOH_2001(A);
2vwj_2	K	K_1759(A)_K;	ARG_613(A), TYR_663(A);
2vwj_3	K	K_1760(A)_K;	LYS_101(A), HIS_103(A), VAL_106(A);
2vxy_1	K	K_402(A)_K;	ASP_199(A), THR_203(A), ASN_208(A) HOH_2299(A);
2w0f_1	K;K;K;	K_1129(C)_K;K_1130(C)_K;K_1131(C)_K;K_1135(C)_K;	THR_75(C) HOH_2019(C);GLY_77(C);THR_75(C) HOH_2020(C);GLY_77(C) HOH_2020(C)
2w3b_1	K	K_501(A)_K;	SER_41(A), VAL_43(A), LYS_46(A) HOH_2111(A);
2w4d_4	K	K_1093(A)_K;	GLY_12(E);
2w72_2	K	K_1146(C)_K;	HOH_2078(D);
2w72_3	K	K_1150(B)_K;	ALA_62(B) HOH_2041(B);
2w72_5	K	K_1153(A)_K;	HOH_2076(C), HOH_2084(A), HOH_2145(A), HOH_2183(A);
2whv_1	Ca;Ca;K;	CA_402(A)_CA;CA_403(A)_CA;CA_404(A)_CA;K_601(A)_K;	GLU_22(A), ASP_72(A), GLU_74(A), ASP_105(A) HOH_2123(A), HOH_2126(A);GLU_22(A), GLU_74(A), ASP_102(A), VAL_103(A), ASP_105(A), ASP_138(A);ASN_104(A), ASN_106(A), ASP_136(A), ASP_138(A), GLY_142(A), ASP_187(A);ASP_136(A), GLY_143(A) HOH_2152(A), HOH_2153(A)
2whv_2	K	K_501(A)_K;	VAL_47(A) HOH_2022(A), HOH_2023(A), HOH_2024(A), HOH_2068(A), HOH_2069(A), HOH_2078(A);
2whv_4	K	K_503(A)_K;	GLU_121(A), GLU_174(A), ASP_206(A) HOH_2171(A), HOH_2172(A);
2whv_5	K	K_502(A)_K;	ASN_133(A) HOH_2067(A), HOH_2146(A), HOH_2149(A), HOH_2158(A), HOH_2168(A);
2wj6_1	K	K_1283(A)_K;	ASP_165(A) SRT_1286(A);
2wj6_2	K	K_1279(C)_K;	ALA_235(C), HIS_238(C), PHE_241(C) HOH_2184(C), HOH_2185(C), HOH_2191(C);
2wlh_1	K;K;	K_1301(A)_K;K_1302(A)_K;K_1304(A)_K;	THR_96(A), ILE_97(A);THR_96(A);;
2wli_2	K	K_1300(A)_K;	GLY_98(A);
2wli_3	K;	K_1301(A)_K;K_1302(A)_K;	THR_96(B);THR_96(A), ILE_97(A);
2wlj_1	K;	K_1300(A)_K;K_1301(A)_K;	ILE_97(B), GLY_98(A);GLY_98(A), TYR_99(B);
2wlk_1	K;K;K;	K_1302(A)_K;K_1303(A)_K;K_1304(A)_K;K_1305(A)_K;	THR_96(B);THR_96(B);ILE_97(A), GLY_98(A);GLY_98(A), TYR_99(A)
2wll_1	K;K;	K_1310(B)_K;MG_1310(A)_MG;K_1311(B)_K;	GLY_112(A), TYR_113(B);THR_110(A);VAL_111(B), GLY_112(A);
2wlm_2	K;	K_1297(A)_K;K_1298(A)_K;	THR_96(C);THR_96(C);
2wln_1	K;K;	K_1300(A)_K;K_1300(C)_K;K_1301(A)_K;	THR_96(A), ILE_97(B);GLY_98(B);THR_96(C);
2wlo_2	K	K_1300(A)_K;	TYR_99(A);
2wme_1	K	K_1494(C)_K;	LEU_246(D), LYS_457(C), GLY_460(C) HOH_2182(D), HOH_2198(D);
2wme_2	K	K_1494(B)_K;	LEU_246(A), LYS_457(B), GLY_460(B) HOH_2206(A), HOH_2365(B);
2wme_3	K	K_1493(A)_K;	THR_26(A), ILE_27(A), ASP_93(A), VAL_180(A);
2ez2_1	K	K_1500(A)_K;	GLY_52(A), GLU_69(B) HOH_1622(A), HOH_5602(B);
2ez2_2	K	K_5500(B)_K;	GLY_52(B), GLU_69(A), ASN_262(B) HOH_1618(A), HOH_5613(B);
2l8m_2	K	K_421(A)_K;	GLU_156(A) HOH_1012(A);
2l8m_3	K	K_420(A)_K;	GLU_76(A);
2l8m_4	K	K_419(A)_K;	GLN_46(A) HOH_1865(A), HOH_1905(A);
2l8m_5	K	K_418(A)_K;	HOH_843(A);
2fca_1	K	K_250(A)_K;	GLY_46(A), ASN_115(A) HOH_257(A), HOH_578(A);
2fde_4	K	K_201(B)_K;	THR_12(B);
2ffy_1	K	K_2(A)_K;	ASP_217(A) HOH_5425(A), HOH_5829(A), HOH_5860(A);
2fhj_1	K	K_312(A)_K;	THR_161(A), THR_162(A), LEU_251(A) HOH_4272(A);
2fhk_6	K	K_717(B)_K;	HIS_293(B), PHE_296(B);
2fhk_10	K	K_718(D)_K;	ARG_22(D), ASP_107(D), GLY_159(D);
2nti_1	K	K_4001(H)_K;	7PG_2001(H);
2fp4_1	K	K_401(B)_K;	ASN_206(B), ASP_220(B) GTP_403(B), HOH_488(B);
2fpl_2	K	K_503(A)_K;	ALA_282(A), ASP_302(A) HOH_608(A);
2fpl_3	Mg;K	MG_501(A)_MG;K_505(A)_K;	THR_112(A) ANP_401(A), HOH_601(A), HOH_602(A), HOH_603(A);ANP_401(A), HOH_632(A);
2fpm_1	Mg;K;	MG_501(A)_MG;K_503(A)_K;K_504(A)_K;	THR_112(A) ANP_401(A), HOH_601(A), HOH_602(A), HOH_603(A);ANP_401(A);ANP_401(A), HOH_609(A), HOH_610(A);
2fpm_2	K	K_506(A)_K;	THR_6(A), LEU_8(A), VAL_11(A) HOH_709(A), HOH_710(A);
2fpq_2	K	K_501(A)_K;	ILE_415(A), ASN_418(A), LEU_421(A) HOH_628(A), HOH_659(A);
2fzw_1	K	K_1804(A)_K;	ALA_186(A), TYR_263(A);
3bjf_1	K;	K_604(D)_K;MG_704(D)_MG;	GLU_272(D) HOH_905(D), HOH_992(D);ASN_75(D), ASP_113(D), THR_114(D) HOH_905(D), HOH_997(D);
3bjf_2	K	K_601(A)_K;	HOH_947(A);
3t1c_2	K;K;	K_6(B)_K;K_7(B)_K;K_10(B)_K;	;THR_63(B);THR_63(B), VAL_64(B);
2g4n_3	K	K_207(B)_K;	GLN_2(B), GLY_35(B);
2g4v_2	K	K_283(A)_K;	LYS_258(A);
2g4v_3	K	K_282(A)_K;	ASN_163(A), TYR_195(A) HOH_397(A);
2g50_1	K	K_6505(E)_K;	ASN_74(E), SER_76(E), ASP_112(E), THR_113(E) HOH_3434(E);
3bof_2	K	K_703(A)_K;	ASP_19(A), GLY_20(A), GLU_232(A), GLY_271(A) HOH_714(A);
3t2m_1	K;	K_1(A)_K;K_5(A)_K;	THR_63(A);THR_63(A), VAL_64(A);
1nki_1	K	K_3002(A)_K;	ASN_92(A), SER_94(A), GLU_95(A), GLY_96(A), SER_98(A) HOH_9366(A);
1mas_1	K	K_933(B)_K;	ASP_10(B), ASP_15(B), THR_126(B), ASP_242(B);
3a1m_1	K	K_140(D)_K;	HOH_141(D), HOH_142(D), HOH_143(F), HOH_147(E), HOH_307(F), HOH_322(E);
3a45_1	K	K_290(B)_K;	SER_30(B), TYR_33(B) HOH_1003(B);
3a45_2	K	K_290(A)_K;	GLU_39(B), ASP_71(A), SER_73(A), PHE_119(B);
1me7_2	K	K_900(A)_K;	GLY_20(A), SER_22(A), ASN_460(A);
1me8_1	K	K_900(A)_K;	ASP_264(A), PHE_266(A);
3nkq_2	K	K_1005(A)_K;	ASP_668(A), MET_671(A);
3tcu_2	K;K;K;	K_1(A)_K;K_2(A)_K;K_3(A)_K;K_4(A)_K;	TYR_66(A);;THR_63(A);
3tfz_1	K	K_170(A)_K;	ALA_28(A), PHE_31(A), THR_34(A) HOH_187(A);
3tix_1	K	K_1001(B)_K;	PHE_734(B), SER_736(B), LYS_763(B) HOH_5(B);
3tix_3	K	K_1001(C)_K;	SER_35(C);
3nr6_1	K	K_126(A)_K;	GLN_5(A), GLN_8(A), PRO_26(A) HOH_139(A), HOH_153(A);
3tqq_1	K	K_315(A)_K;	HIS_26(A);
3tr1_1	K	K_444(A)_K;	ASP_48(A), ASN_93(A), GLU_343(A) PO4_440(A), HOH_651(A);
3act_1	K	K_3903(B)_K;	TRP_488(B) HOH_823(B), HOH_1398(B), HOH_1525(B);
3h7c_3	K	K_389(X)_K;	TRP_125(X), ASP_130(X), ASP_220(X) HOH_710(X);
2o8l_1	K	K_999(A)_K;	HIS_107(A);
3h8g_3	K	K_503(C)_K;	LEU_189(C), GLY_190(C), LEU_192(C), LYS_288(C) HOH_518(C);
3tze_1	K	K_387(B)_K;	ILE_218(B);
3o0d_1	K	K_307(D)_K;	HOH_444(D);
3ahs_1	K	K_116(B)_K;	VAL_30(B), GLY_33(B);
3hfw_1	K	K_359(A)_K;	TRP_24(A), GLU_25(A), LEU_27(A), HIS_299(A), GLY_301(A), SER_303(A);
3hhe_1	K	K_500(B)_K;	LEU_220(B), VAL_225(B), GLU_227(A);
3hhe_2	K	K_500(A)_K;	LEU_220(A), ILE_222(A), VAL_225(A), GLU_227(B);
3c33_1	K	K_302(A)_K;	GLU_96(A), ILE_99(A), ASP_100(A) HOH_409(A);
3c33_3	K	K_303(B)_K;	SER_22(B);
3hjw_1	K	K_2(E)_K;	THR_181(A) FHU_10(E), HOH_63(E), HOH_80(E);
3c8q_1	K	K_312(A)_K;	LEU_91(A), ASP_96(A);
3hog_1	K	K_155(A)_K;	ASP_26(A);
3ay9_2	Mg;K	MG_6266(A)_MG;K_6267(A)_K;	HOH_480(A), HOH_482(A), HOH_486(A), HOH_488(A), ADP_1452(A), PO4_6265(A);ASP_10(A), TYR_15(A) HOH_482(A), HOH_485(A), ADP_1452(A);
3hqn_2	K	K_501(A)_K;	GLN_354(A), LEU_357(A), GLU_359(A) HOH_681(A), HOH_797(A);
1obf_1	K	K_343(P)_K;	ASN_185(P), GLN_187(P) PG4_344(P), HOH_2253(P);
3hrz_3	K	K_629(A)_K;	PHE_240(A), SER_295(A), THR_297(A), TYR_1439(C);
1mxa_1	K	K_413(A)_K;	GLU_42(A), SER_263(A);
1mxa_2	K	K_414(A)_K;	GLY_243(A);
3b3c_1	Zn;Zn;	ZN_501(A)_ZN;ZN_502(A)_ZN;K_600(A)_K;	ASP_117(A), GLU_152(A), HIS_256(A) PLU_500(A);HIS_97(A), ASP_117(A), ASP_179(A) PLU_500(A);GLU_151(A), CYS_227(A) PLU_500(A), HOH_672(A), HOH_680(A);
3atv_1	K	K_1453(A)_K;	ASP_10(A), TYR_15(A) HOH_724(A), HOH_726(A), HOH_727(A), ADP_1452(A);
3od9_2	K;Na;	K_2(A)_K;NA_10(A)_NA;NA_11(A)_NA;	GLU_119(A), LEU_121(A), ASP_122(A) HOH_155(A);;GLU_119(A);
3u7j_1	K	K_238(A)_K;	GLU_111(A) HOH_349(A);
1ooy_1	K	K_996(B)_K;	LYS_424(B), GLN_425(B) HOH_1154(B), HOH_1175(B), HOH_1205(B);
1ooy_2	K	K_994(A)_K;	THR_396(A), ASN_428(A) HOH_1145(A), HOH_1167(A);
3u81_1	K	K_223(A)_K;	VAL_183(A), ARG_184(A), SER_186(A), PHE_189(A) HOH_371(A), HOH_503(A);
3ukm_1	K;K;K;K;	K_1(A)_K;K_2(A)_K;K_3(A)_K;K_4(A)_K;K_5(A)_K;	GLY_119(A), TYR_120(B), LEU_228(B);THR_118(B), GLY_119(B), ILE_226(B), GLY_227(A);THR_117(A), THR_118(B), THR_225(A), ILE_226(B);THR_117(A), THR_225(A);
3usz_2	K	K_903(A)_K;	LYS_298(A), VAL_300(A), CYS_303(A);
3b7i_3	K	K_600(A)_K;	CYS_227(A) PLU_500(A), HOH_667(A), HOH_733(A), HOH_777(A), HOH_824(A);
3hw9_1	K	K_342(A)_K;	HOH_410(A);
3hw9_4	K	K_342(B)_K;	HOH_350(B), HOH_404(B);
3beh_1	K;K;K;K;	K_356(B)_K;K_356(A)_K;K_357(A)_K;K_358(A)_K;K_360(A)_K;	THR_175(C);TYR_178(D);GLY_177(D);THR_175(A), THR_176(D);
1zz1_1	K;	K_2750(D)_K;ZN_2751(D)_ZN;	ASP_178(D), ASP_180(D), HIS_182(D), SER_201(D), LEU_202(D);ASP_180(D), HIS_182(D), ASP_268(D) SHH_2752(D);
1zz1_3	K	K_2749(D)_K;	TRP_191(D), ASP_194(D), VAL_197(D) HOH_2822(D);
3v7p_2	K	K_431(A)_K;	CYS_129(A), SER_132(A), LEU_134(A), ARG_171(A) HOH_481(A);
3bgk_1	K	K_279(A)_K;	LYS_9(A), ILE_12(A);
1zcz_1	K	K_453(B)_K;	VAL_350(B), GLU_351(B), ALA_353(B), ASP_399(B), VAL_449(B);
3ven_2	K	K_602(A)_K;	LEU_322(A), ARG_324(A), VAL_327(A);
3ven_3	K	K_603(A)_K;	GLU_242(A), TYR_245(A) HOH_1383(A);
3ven_4	K	K_601(A)_K;	THR_565(A) HOH_728(A);
3vgm_1	K	K_324(A)_K;	ASN_104(A), ASN_107(A), GLY_136(A), ALA_153(A) HOH_326(A), HOH_333(A);
1zl0_1	K	K_1417(A)_K;	ASP_218(A), VAL_219(A), GLU_221(A) TLA_1401(A);
1zl0_3	K	K_1416(B)_K;	GLU_235(B), ILE_237(B) HOH_1607(B), HOH_1822(B), HOH_1844(B);
3vhv_1	K	K_3(A)_K;	TYR_980(A), ARG_983(A) HOH_52(A);
2a0q_1	K	K_404(D)_K;	ILE_16(D), GLY_142(D), ASP_221(B) HOH_420(B), HOH_447(D), HOH_472(D);
2a0q_2	K	K_403(B)_K;	ARG_221(B), LYS_224(B) HOH_434(B), HOH_510(B);
1zqi_1	K	K_342(A)_K;	LYS_60(A), LEU_62(A);
1zqi_2	K	K_341(A)_K;	DT_6(P), THR_101(A), VAL_103(A), ILE_106(A) HOH_601(P), HOH_665(P);
3zq6_1	Al;Mg;	ALF_402(C)_AL;MG_403(C)_MG;K_404(C)_K;	ADP_401(C), ALF_402(C), HOH_2019(C);THR_28(C) ADP_401(C), ALF_402(C), HOH_4001(C), HOH_4002(C), HOH_4003(C);ALA_53(C), GLU_238(D) ALF_402(C);
3zq6_3	Al;Mg;	ALF_402(D)_AL;MG_403(D)_MG;K_404(D)_K;	ADP_401(D), ALF_402(D), HOH_2010(D);THR_28(D) ADP_401(D), ALF_402(D), HOH_4001(D), HOH_4002(D), HOH_4003(D);ALA_53(D), SER_55(D), GLU_238(C) ALF_402(D);
3zqa_6	K	K_1499(C)_K;	LEU_246(D);
1zs7_1	K	K_401(A)_K;	ILE_36(A), PHE_38(A);
3ccj_18	Mg;K	MG_8041(0)_MG;K_8402(M)_K;	C_162(0), U_2276(0) HOH_7682(0), HOH_7732(0), HOH_9449(0);U_172(0) HOH_7732(0), HOH_8823(M), HOH_9125(0);
2a6v_1	K	K_1(A)_K;	TYR_131(A), ILE_141(A), GLU_142(A), SER_144(A) HOH_241(A), HOH_262(A);
2a6v_2	K	K_2(A)_K;	LEU_29(A), TRP_32(A) HOH_248(B), HOH_452(A);
2aaq_2	Au;K	AU_603(A)_AU;K_701(A)_K;	CYS_58(A), CYS_63(A);CYS_58(A) PO4_504(A);
3i4d_1	K	K_700(H)_K;	MET_134(H), ALA_137(H), PHE_140(H) HOH_336(H), HOH_338(H);
3i4d_3	K	K_701(M)_K;	VAL_192(M), ASP_292(M);
3i6t_2	K	K_380(C)_K;	ARG_237(C), VAL_240(C), VAL_242(C), ASP_264(C) HOH_464(C), HOH_1680(C);
3i7r_4	K	K_294(B)_K;	ALA_123(B), THR_126(B) HOH_343(B), HOH_438(B);
3ch3_1	K	K_1(X)_K;	GLY_756(X), ASP_757(X) 2HP_830(X), HOH_876(X), HOH_919(X);
3cl1_1	K	K_2(B)_K;	ALA_232(B) HOH_74(B);
3cl1_2	K	K_356(A)_K;	ALA_250(A), ASP_326(A);
3cl1_3	K	K_3(B)_K;	ALA_283(B), THR_310(B);
3cl5_1	K	K_2(A)_K;	ASP_220(A), SER_221(A), GLN_222(A), SER_263(A), GLU_265(A), LEU_267(A);
4dgh_1	K	K_601(A)_K;	LEU_447(A), ARG_476(A), TRP_479(A);
1ynf_1	K	K_448(D)_K;	ALA_341(D), ASN_343(D), ILE_345(D);
1ynu_3	K	K_801(A)_K;	LEU_304(A) HOH_927(A);
2ahz_2	K;K;	K_111(A)_K;K_111(B)_K;K_112(A)_K;	THR_63(B), VAL_64(A);;THR_63(B);
3osd_1	K	K_300(A)_K;	PHE_72(A), TRP_75(A) HOH_347(A), HOH_400(A), HOH_421(A), HOH_481(A);
3osd_2	K	K_301(A)_K;	ASN_134(A), SER_135(A), GLU_164(A), GLN_166(A), GLN_273(A) HOH_529(A);
3ibm_1	K	K_201(B)_K;	GLU_14(B), THR_97(B), PRO_98(B), ASP_100(B) HOH_210(B);
3ic3_2	K	K_100(B)_K;	ALA_62(D), SER_65(B), TYR_67(D);
3idh_1	K	K_600(A)_K;	MET_238(A), VAL_241(A), VAL_244(A), GLY_246(A);
3ifd_1	K	K_1001(A)_K;	PHE_15(A), ASN_17(A) HOH_82(A), HOH_84(A);
1nhi_1	K	K_470(A)_K;	ALA_71(A), ALA_73(A), ALA_76(A) HOH_503(A);
4a34_1	K	K_1143(B)_K;	ARG_44(B) HOH_2010(B), HOH_2025(B);
3iis_2	Cd;K;	CD_153(M)_CD;K_156(M)_K;K_157(M)_K;	ASP_116(M) CL_160(M), CL_161(M), HOH_289(M);LYS_34(M) HOH_222(M), HOH_289(M);HOH_289(M), HOH_290(M);
3iis_5	K	K_155(M)_K;	GLU_39(M) CL_162(M), HOH_282(M), HOH_284(M), HOH_286(M), HOH_287(M);
3ouf_1	K;K;K;	K_5(A)_K;K_6(A)_K;K_7(A)_K;K_8(A)_K;	THR_63(A);THR_63(A), VAL_64(A);VAL_64(A), GLY_65(A);GLY_65(A), TYR_66(A)
3ous_1	K;K;K;K;	K_1(A)_K;K_2(A)_K;K_3(A)_K;K_4(A)_K;K_5(A)_K;	;;;;
4a49_3	K	K_1148(B)_K;	HIS_7(B);
3ik4_2	K	K_364(D)_K;	ASP_244(D);
4eei_1	K	K_510(B)_K;	ASP_427(B), VAL_430(B), LYS_431(B), ARG_433(B) HOH_873(B);
4eei_3	K	K_510(A)_K;	ASP_247(B) EDO_508(A), EDO_514(B), HOH_883(A), HOH_888(A);
3b0g_2	K	K_603(A)_K;	ILE_371(A), GLU_401(A), GLN_402(A), ASN_403(A) HOH_1013(A), HOH_1027(A);
3pox_1	K	K_350(F)_K;	GLU_201(F), GLN_203(F), GLY_206(F) HOH_1017(F), HOH_1584(F), HOH_1585(F);
3pox_2	K	K_353(D)_K;	ASN_207(D), ASN_236(D), ASN_252(D) HOH_747(D), HOH_1014(D);
3pox_3	K	K_349(F)_K;	ASN_316(F), ILE_318(F), SER_328(F) HOH_376(F), HOH_1561(F);
3pox_6	K	K_367(C)_K;	PHE_267(C), TYR_302(C) HOH_905(C);
4esk_1	K	K_202(B)_K;	GLU_76(B), LYS_79(B), GLU_81(B), ASP_82(B);
4a01_1	Mg;Mg;Mg;Mg;K;	MG_1767(A)_MG;MG_1768(A)_MG;MG_1769(A)_MG;MG_1770(A)_MG;MG_1771(A)_MG;K_1772(A)_K;	ASP_253(A), ASP_257(A) 2PN_1773(A), HOH_2108(A), HOH_2109(A), HOH_2112(A);ASP_507(A) 2PN_1773(A), HOH_2127(A), HOH_2128(A), HOH_2129(A), HOH_2134(A);ASP_253(A), ASP_727(A) 2PN_1773(A), HOH_2109(A), HOH_2299(A);ASP_283(A), ASP_507(A) 2PN_1773(A), HOH_2106(A), HOH_2134(A);HOH_2137(A), HOH_2214(A), HOH_2236(A);
4ekn_1	K	K_405(B)_K;	GLU_68(B);
3v7q_1	K	K_202(A)_K;	HOH_567(A);
3ugq_1	Zn;K	ZN_1(A)_ZN;K_469(A)_K;	CYS_133(A), HIS_184(A), HIS_319(A);;
3r9b_4	K	K_507(A)_K;	GLU_235(A), GLY_238(A), LEU_241(A) PO4_502(A), HOH_785(A);
3rj8_3	K	K_604(A)_K;	ILE_36(A);
4doo_1	K	K_303(A)_K;	SER_33(A), LEU_34(A), GLY_36(A), LYS_38(A);
4dur_1	K	K_805(A)_K;	GLU_221(A), ASN_294(A) HOH_1374(A);
4e2g_5	K	K_201(H)_K;	TYR_14(H), GLN_34(H) HOH_335(H);
4e2g_6	K	K_202(C)_K;	TYR_14(C), GLN_34(C), THR_87(D) HOH_332(C);
4evy_1	K	K_202(A)_K;	LEU_36(A), GLU_39(A), GLN_44(A);
4dk9_1	K	K_601(A)_K;	DC_21(C), ILE_532(A), LEU_534(A), ILE_537(A);
3vbh_1	K	K_301(C)_K;	GLN_189(A);
3vbh_3	K	K_302(A)_K;	THR_28(A), GLY_29(A), ASN_31(A), ASN_71(A);
3vjf_1	K	K_201(A)_K;	GLN_49(A), ASN_51(A) MSE_48(A);
4edj_1	K	K_301(A)_K;	SER_182(A), GLY_186(A);
3unh_1	K	K_255(F)_K;	HOH_295(F);
3unh_2	K	K_249(C)_K;	GLU_98(C) HOH_258(C);
3unh_3	K	K_206(Y)_K;	HOH_406(Y);
3unh_7	K	K_202(b)_K;	HOH_224(a);
3unh_9	K	K_261(S)_K;	GLN_13(S) HOH_269(S), HOH_348(S);
3unf_2	K	K_303(K)_K;	ASN_38(K), CYS_63(K);
3unf_3	K	K_302(I)_K;	GLN_64(I);
3unf_4	K	K_301(G)_K;	HOH_432(A);
3unf_6	K	K_303(L)_K;	HOH_403(V);
3unf_8	K	K_304(X)_K;	CL_303(X);
3unf_9	K	K_304(Z)_K;	SER_93(Z) HOH_410(Z);
3unf_10	K	K_203(b)_K;	HOH_423(M);
3unf_11	K	K_303(Z)_K;	HOH_433(Z);
4av6_3	Mg;Mg;Mg;K;	MG_1729(A)_MG;MG_1730(A)_MG;MG_1731(A)_MG;MG_1732(A)_MG;K_1733(A)_K;	ASP_202(A), ASP_228(A) PO4_1727(A);ASP_232(A) PO4_1727(A);ASP_202(A), ASP_692(A) PO4_1727(A), PO4_1728(A);ASP_232(A), ASP_465(A) PO4_1727(A), PO4_1728(A);
4dxt_1	K	K_1001(A)_K;	VAL_590(A), GLN_593(A), ASP_595(A), TYR_707(A);
4fo4_1	K	K_503(A)_K;	GLY_302(A), GLY_304(A), CYS_307(A);
4dd8_2	K	K_1007(A)_K;	ASP_343(A) HOH_1109(A);
4dd8_18	K	K_1006(A)_K;	HOH_1107(A), HOH_1120(A);
4ert_1	K	K_3003(A)_K;	TYR_2855(A);
4f7i_1	K	K_1001(C)_K;	GLY_70(C), SER_71(C), GLU_270(C), PRO_271(C), HIS_273(C) NAD_900(C);
4f7i_4	K	K_1002(C)_K;	GLU_62(C), ALA_64(C), THR_266(C) HOH_2098(C);
3rde_2	K	K_2(A)_K;	ASP_119(A), HIS_483(A) HOH_825(A);
3rde_4	K	K_1(D)_K;	HOH_688(D), HOH_1024(D);
3veh_2	K	K_504(B)_K;	THR_38(B), GLU_43(B), GLN_240(B) HOH_705(B), HOH_826(A);
4aw7_2	K	K_1616(A)_K;	TYR_199(A), TYR_213(A);
4aw7_3	K	K_1617(A)_K;	TYR_109(A);
4ff0_1	K	K_502(A)_K;	GLU_471(D);
4ff0_3	K	K_502(B)_K;	CYS_307(B), GLU_471(C);
4fmw_1	K	K_304(B)_K;	THR_100(B), GLU_199(B), SER_200(B), LYS_201(B);
4e6k_3	K	K_201(F)_K;	ASN_148(F), GLN_151(F);
4e6k_13	K	K_201(B)_K;	ASN_148(E), GLN_151(B);
4a1t_3	K	K_1181(B)_K;	HOH_2056(B);
4b0p_3	K	K_1171(A)_K;	HOH_3021(A), HOH_3064(A);
4es8_2	K	K_501(B)_K;	ASP_180(B), SER_181(B) HOH_615(B), HOH_629(B), HOH_723(B);
4axb_2	K	K_1530(A)_K;	HOH_2269(A);
4gym_2	K	K_201(A)_K;	ALA_15(A) HOH_395(A), HOH_404(A);
4g9p_1	K	K_505(A)_K;	SER_266(A), GLU_269(A);
4gmk_1	K	K_303(A)_K;	ILE_195(A), GLN_197(A), VAL_200(A) HOH_401(B), HOH_408(B);
3tj2_2	K	K_112(A)_K;	THR_47(A) HOH_145(A);
4efq_6	K	K_303(A)_K;	ASP_24(A) HOH_500(A);
4efp_1	K	K_303(A)_K;	GLU_36(A) HOH_571(A), HOH_657(A), HOH_662(A), HOH_664(A);
4g8n_2	K	K_305(A)_K;	ASN_5(A), SER_52(A) HOH_402(A);
4h6u_1	K	K_202(A)_K;	LYS_76(A);
3umb_4	K	K_235(A)_K;	SER_57(A);
4aya_1	K	K_1089(A)_K;	LYS_47(A), VAL_50(A), ILE_53(A);
4h37_1	K;K;K;	K_201(A)_K;K_202(A)_K;K_203(A)_K;K_204(A)_K;	GLY_59(B);VAL_58(B), GLY_59(B);THR_57(B), VAL_58(B);
4h5j_3	K	K_402(A)_K;	ASP_71(A), SER_72(A);
4h5j_6	K	K_403(B)_K;	ILE_76(B), VAL_136(B) HOH_538(B), HOH_553(B);
4h5i_1	K	K_402(B)_K;	TYR_137(B), LEU_179(B), ILE_222(B) HOH_530(B);
4h5i_3	K	K_401(A)_K;	GLY_32(A), GLY_34(A), ASN_36(A), ILE_38(A), ASP_68(A) HOH_501(A);
4g1v_1	K	K_403(A)_K;	HIS_36(A), GLU_38(A);
4hs7_1	K	K_501(A)_K;	P33_502(A), HOH_731(A), HOH_732(A);
4apx_2	Ca;Ca;K;	CA_1238(B)_CA;CA_1239(B)_CA;CA_1240(B)_CA;K_1241(B)_K;	ASN_120(B), ASN_122(B), ASP_157(B), ASP_159(B), ASN_163(B), ASP_215(B);GLU_27(B), GLU_28(B), ASP_83(B), ASP_85(B), ASP_121(B) HOH_2063(B);GLU_27(B), ASP_85(B), ASP_118(B), ARG_119(B), ASP_121(B), ASP_159(B);ASP_157(B), ASP_159(B) HOH_2298(B), HOH_2305(B)
4a3u_3	K	K_1362(B)_K;	HOH_2013(B), HOH_2015(B), HOH_2069(B);
4a3u_4	K	K_1361(A)_K;	LEU_126(A) HOH_2057(A), HOH_2144(A);
4j7c_1	K	K_501(I)_K;	VAL_60(I), THR_61(I), ASN_175(I), ALA_176(I), THR_278(I), ALA_279(I), THR_390(I), VAL_391(I);
4hw8_1	K	K_505(A)_K;	TYR_278(A);
4hw8_3	K	K_504(A)_K;	THR_252(B);
4k3d_1	K	K_301(H)_K;	SER_28(H), SER_30(H), THR_53(H);
4kal_1	K	K_405(A)_K;	ASP_270(A), THR_272(A), VAL_306(A), GLN_309(A), GLY_311(A);
4ifb_1	K	K_304(B)_K;	ARG_174(B), GLU_176(B), PHE_179(B) HOH_418(B), HOH_483(B);
4jdn_1	K	K_301(A)_K;	TYR_197(B) HOH_410(C), HOH_411(C), HOH_479(A);
4l4g_1	K	K_506(A)_K;	THR_181(A), ASP_182(A), ASP_251(A) HOH_846(A);
4iq0_1	K	K_401(D)_K;	LEU_234(D), ASN_248(D) HOH_593(D), HOH_610(D);
4iq0_2	K	K_401(B)_K;	GLU_56(B), ALA_81(B) HOH_622(B), HOH_708(B);
4iq0_3	K	K_402(D)_K;	GLU_237(D), THR_246(D) HOH_595(D);
4iq0_4	K	K_402(B)_K;	SER_305(B) HOH_620(B), HOH_663(B);
3zed_2	K	K_1003(B)_K;	GLN_203(B), THR_698(B), SER_701(B), PRO_702(B), LYS_704(B) HOH_2162(B);
4kfm_1	K;K;K;	K_402(A)_K;K_403(A)_K;K_404(A)_K;K_405(A)_K;	;;THR_154(A);THR_154(A)
4l4e_2	K	K_504(A)_K;	LEU_45(A), VAL_50(A), PRO_51(A), THR_66(A) HOH_660(A), HOH_742(A);
4l4e_3	K	K_505(A)_K;	GLU_84(A), GLY_93(A), GLU_94(A), TYR_96(A) HOH_877(A), HOH_964(A);
4gx0_3	K;K;K;K;	K_601(A)_K;K_602(A)_K;K_603(A)_K;K_604(A)_K;K_605(A)_K;	PHE_71(B);LEU_69(B), GLY_70(A);THR_68(A), LEU_69(A);;
4eyv_1	K	K_201(C)_K;	ARG_55(C) HOH_430(C), HOH_433(C);
4eyv_2	K;	K_201(A)_K;NA_204(A)_NA;	ALA_40(A), ASN_42(A), THR_49(A), SER_161(A) HOH_376(A), HOH_390(A);LEU_39(A), ASN_42(A), TYR_48(A), THR_49(A);
4eyv_9	K	K_202(C)_K;	ALA_40(C), ASN_42(C), THR_49(C), SER_161(C) HOH_393(C), HOH_429(C);
4e01_1	Mg;K	MG_402(A)_MG;K_403(A)_K;	ASN_249(A) ANP_404(A), HOH_550(A), HOH_614(A);VAL_298(A), ASP_300(A), PHE_303(A), GLY_337(A) ANP_404(A);
4iin_1	K	K_302(B)_K;	GLU_237(B), THR_238(B) HOH_420(C);
4iil_1	K	K_404(A)_K;	THR_161(A) HOH_630(A), HOH_690(A);
4in9_2	K	K_303(A)_K;	SER_75(A), SER_78(A), LEU_80(A) HOH_536(A), HOH_538(A);
4hyo_1	K;K;K;	K_201(A)_K;K_202(A)_K;K_203(A)_K;K_204(A)_K;	GLY_61(C), TYR_62(A);VAL_60(A), GLY_61(C);THR_59(A), VAL_60(A);THR_59(D)
4ia6_1	K	K_613(B)_K;	SER_367(B), ASP_370(B), LYS_372(B), VAL_373(B), ASN_374(B) HOH_736(B);
4ia5_1	K	K_602(A)_K;	HOH_706(A), HOH_762(A), HOH_782(B);
4jay_1	K	K_1004(A)_K;	ASN_57(A), ALA_237(A), SER_239(A), GLU_335(A);
4kgd_3	K	K_709(A)_K;	MET_452(A), GLN_455(A) HOH_825(A);
3v8o_1	K	K_801(A)_K;	ASP_651(A), PRO_653(A);
4i9w_1	K;K;K;	K_401(A)_K;K_402(A)_K;K_402(B)_K;K_403(B)_K;	THR_129(A), ILE_130(A), THR_238(B), VAL_239(A);THR_129(A), THR_238(A);TYR_132(B), GLY_240(A), PHE_241(A);ILE_130(A), GLY_131(B), VAL_239(B), GLY_240(B)
3vfl_1	K	K_401(A)_K;	ALA_159(A), HIS_161(A), ILE_164(A);
3vfl_3	K	K_402(A)_K;	SER_54(A), LEU_57(A), GLU_62(A);
4ddq_1	K	K_601(E)_K;	LYS_322(E), GLN_327(E);
4den_1	K	K_206(A)_K;	2M4_202(A);
4den_2	K;	K_204(A)_K;K_205(A)_K;	ASN_150(A) 2M4_203(A);2M4_203(A);
4bi3_2	K	K_1166(B)_K;	PHE_65(B), THR_80(B);
2ynm_3	K	K_1531(D)_K;	GLU_2(D) HOH_2043(D);
4hx2_6	K	K_503(B)_K;	HIS_93(B) HOH_629(B);
3vux_1	Zn;K	ZN_801(E)_ZN;K_802(E)_K;	CYS_762(E), CYS_767(E), CYS_779(E), CYS_782(E);CYS_762(E), ALA_764(E), CYS_767(E);
3w1i_5	K	K_501(E)_K;	ASP_317(F);
3w1j_5	K	K_2001(A)_K;	ASP_317(A);
4ki8_20	K	K_605(F)_K;	GLU_483(F) HOH_759(F);
4aro_1	K	K_1417(A)_K;	GLN_230(A), GLY_231(A) IHS_1415(A);
4aru_1	K	K_1417(A)_K;	ASN_380(A), ILE_381(A), CYS_384(A), GLN_387(A) HOH_2629(A), HOH_2636(A);
4k05_1	K	K_502(B)_K;	LEU_78(B), HIS_79(B), ALA_81(B), VAL_84(B) HOH_963(B), HOH_994(B);
4k05_2	K	K_501(B)_K;	GLN_222(B) 1PE_504(B);
3zcg_2	K	K_1251(A)_K;	THR_164(A), THR_180(A), ASN_182(A), ILE_185(A);
3zdc_2	K;	K_1251(A)_K;CA_1253(A)_CA;	ALA_172(A), PRO_180(A), VAL_182(A), ILE_185(A);DC_10(X), ALA_172(A), ILE_185(A) HOH_2121(A), HOH_2123(A);
3zdb_2	K;	K_1251(A)_K;MG_1252(A)_MG;	DC_10(X), ALA_172(A), VAL_182(A), ILE_185(A) HOH_2148(A), HOH_2151(A);DC_10(X), ALA_172(A), ILE_185(A) HOH_2148(A), HOH_2149(A), HOH_2151(A);
3zda_1	K	K_1251(A)_K;	ALA_172(A), PRO_180(A), VAL_182(A), ILE_185(A) HOH_2194(A);
3zdp_1	K	K_1499(C)_K;	ARG_355(C), LEU_358(C), ASN_492(C);
4c8z_1	K	K_1240(A)_K;	G_27(C), VAL_36(A), GLN_39(A), ASN_42(A);
4igl_1	K	K_1506(C)_K;	ASP_623(C), ASP_625(C), SER_627(C), THR_629(C), ASP_631(C) HOH_1618(C);
4igl_2	K	K_1504(A)_K;	LYS_163(B), ASN_166(B), ASN_1201(A), ASN_1203(A), THR_1223(A);
4igl_3	K	K_1507(C)_K;	LYS_163(D), ASN_166(D), ASN_1201(C), ASN_1203(C), THR_1223(C);
4igl_5	K	K_1505(A)_K;	THR_9(B), ASP_1480(A);
4igl_6	K	K_1508(C)_K;	THR_9(D), ASP_1480(C);
4jf6_1	K	K_301(A)_K;	HIS_41(A), ASP_45(A);
4km7_1	K	K_301(B)_K;	SER_110(B);
3zcj_1	K	K_1229(D)_K;	ASP_97(D);
4b3m_66	Mg;Mg;Mg;	MG_2628(A)_MG;MG_2651(A)_MG;K_2672(A)_K;MG_2771(A)_MG;	ILE_64(Q), G_255(A), G_266(A);G_251(A), G_266(A), C_268(A);G_257(A);
4nea_2	K	K_506(B)_K;	LYS_224(B), VAL_226(B), THR_250(B) HOH_611(B), HOH_785(B);
4nea_7	K	K_503(D)_K;	GLU_474(D), LEU_477(D) HOH_615(D), HOH_870(D), HOH_1026(D);
4msw_1	K;K;	K_1002(C)_K;K_1006(C)_K;K_1007(C)_K;	GLY_77(C) TYF_78(C);;;
4hub_127	K	K_204(O)_K;	ASP_80(O);
4mlz_1	K;	K_406(B)_K;K_407(B)_K;	ASP_216(B) HOH_663(B), HOH_797(B);ASP_216(B) HOH_663(B);
4mlz_5	K	K_405(A)_K;	VAL_76(A) HOH_610(A), HOH_716(A);
4b3r_56	Mg;Mg;	MG_2620(A)_MG;MG_2646(A)_MG;K_2670(A)_K;	ILE_64(Q), G_266(A);G_266(A);G_257(A);
3w8j_1	K	K_206(B)_K;	SER_22(B), ASP_25(B), VAL_27(B);
3w8j_4	K	K_205(B)_K;	GLU_49(B), ALA_58(B), THR_62(B);
4l3a_3	K	K_603(B)_K;	ASP_153(B), ASP_177(B) HOH_701(B), HOH_709(B), HOH_713(B);
3vd8_1	K	K_1209(A)_K;	ASP_65(A), GLY_69(A), ILE_333(A) HOH_1510(A);
3vd8_2	K	K_1206(A)_K;	ILE_235(A), SER_238(A), VAL_240(A);
3vd8_3	K	K_1207(A)_K;	GLU_130(A), THR_249(A), GLY_252(A) HOH_1542(A);
3vd8_4	K	K_1208(A)_K;	LEU_147(A), HIS_203(A) HOH_1452(A);
4ihl_1	K	K_301(A)_K;	HOH_311(P);
4ihl_2	K	K_301(B)_K;	HOH_313(P);
4kax_1	K	K_205(A)_K;	HIS_76(A), THR_79(A), GLY_348(B) HOH_359(A), HOH_364(A), HOH_1281(B);
4c13_2	K	K_605(A)_K;	SER_100(A), LEU_103(A), THR_105(A), ASP_194(A);
4jo0_2	K	K_605(A)_K;	TYR_148(A), SER_150(A), TYR_153(A) HOH_908(A);
4c1l_1	K	K_1268(B)_K;	THR_170(B), GLU_172(B) HOH_2152(B), HOH_2154(B), HOH_2157(B), HOH_2159(B);
4be6_2	K	K_1272(B)_K;	ASP_210(B) HOH_2109(A), HOH_2204(B), HOH_2235(B), HOH_2244(A);
4lgn_1	K	K_801(A)_K;	ASP_249(A), TYR_256(A), PRO_311(A) HOH_1636(A);
4lgn_2	K	K_802(A)_K;	SER_438(A), TYR_481(A) HOH_985(A), HOH_1503(A);
4lgn_6	K	K_803(A)_K;	GLU_429(A) EDO_809(A), HOH_1018(A), HOH_1285(A);
4cfs_1	K	K_1276(D)_K;	ALA_235(D), PHE_241(D) HOH_2161(D), HOH_2164(D), HOH_2166(D);
4cfs_2	K	K_1276(A)_K;	ALA_235(A), HIS_238(A), PHE_241(A) HOH_2149(A);
4cfs_3	K	K_1276(C)_K;	ALA_235(C), PHE_241(C) HOH_2099(A), HOH_2116(C), HOH_2117(C);
4lzb_4	K	K_302(E)_K;	THR_149(E), VAL_152(E), PRO_173(E) HOH_567(E), HOH_568(E);
4lzb_5	K	K_301(D)_K;	ASP_68(D) HOH_495(D);
4ib1_1	K;	K_401(A)_K;K_402(A)_K;	ASP_184(A) ADP_403(A), SEP_621(S), HOH_703(S), HOH_1002(A), HOH_1003(A);ASN_171(A), ASP_184(A) ADP_403(A), HOH_701(S), HOH_702(S), HOH_1001(A);
4lp8_1	K;K;K;K;	K_402(A)_K;K_403(A)_K;K_404(A)_K;K_405(A)_K;K_408(A)_K;	THR_96(A);THR_96(A), ILE_97(A);ILE_97(A), GLY_98(A);TYR_99(A);
4n4o_25	K	K_609(A)_K;	ASP_312(A) HOH_872(A);
4bg8_2	K;	K_1351(A)_K;K_1352(A)_K;	ASP_138(A), ALA_142(A), PHE_182(A), GLY_183(A), ALA_185(A), SER_243(A);ASP_114(A), ASP_138(A), GLY_141(A), PRO_143(A) HOH_2055(A);
4bg8_3	K	K_1353(A)_K;	ARG_66(A), GLU_67(A);
4bgb_2	K	K_1358(B)_K;	ALA_142(B), GLY_183(B), SER_243(B);
4bga_2	K	K_1352(D)_K;	ASP_114(D), ASP_138(D), GLY_141(D), PRO_143(D);
4bga_4	K;	K_1351(A)_K;K_1352(A)_K;	ASP_138(A), GLY_141(A);ASP_138(A), ALA_142(A), PHE_182(A), GLY_183(A), ALA_185(A);
4bga_8	K	K_1351(D)_K;	ALA_142(D), PHE_182(D), ALA_185(D);
4lng_1	K	K_607(B)_K;	EDO_605(B);
4oqj_1	K	K_901(A)_K;	SER_289(A), LYS_291(A) HOH_1302(A);
3zn2_2	K	K_1256(B)_K;	THR_7(B), SER_78(B), ASP_80(B) HOH_2059(B);
4o5f_2	K	K_308(A)_K;	GLY_156(A), THR_159(A), LEU_162(A) HOH_578(A), HOH_636(A);
4jfa_1	K	K_703(D)_K;	HOH_863(B);
4jfa_2	K	K_702(C)_K;	HOH_801(C);
4chv_2	K	K_1350(A)_K;	THR_175(C), THR_176(C);
3w7a_3	K	K_305(A)_K;	GLU_24(A), GLU_28(A) HOH_464(A);
3w7a_4	K	K_302(B)_K;	ASN_10(B), ASP_43(B);
4jbt_7	K	K_505(B)_K;	ASP_132(B) HOH_681(B), HOH_697(B), HOH_698(B);
4ls5_2	K	K_502(A)_K;	LYS_206(A), LEU_208(A), ASP_226(A) HOH_729(A), HOH_799(A);
4c0o_1	K	K_1924(B)_K;	HIS_745(B), ASP_747(B);
4nak_8	K	K_411(A)_K;	ILE_108(A), SER_112(A), SER_180(A);
4l6a_2	K	K_316(A)_K;	HIS_191(A);
4ocm_3	K	K_301(D)_K;	LEU_132(D), ASP_135(D);
4nai_3	K	K_403(A)_K;	ASP_289(A) HOH_595(A), HOH_624(A);
4nai_4	Cd;K;	CD_401(A)_CD;K_411(A)_K;K_414(A)_K;	GLU_167(A) HOH_518(A);GLN_166(A) HOH_518(A), HOH_520(A);SER_163(A), GLU_167(A) HOH_509(A), HOH_553(A);
4nai_5	K;	K_405(A)_K;K_406(A)_K;	GLN_235(A), SER_279(A);ASN_186(A), ASP_189(A) HOH_501(A);
4nai_7	K	K_415(A)_K;	HOH_588(A);
4nai_8	K	K_412(A)_K;	GLU_156(A), GLU_258(A);
4nai_10	Cd;K	CD_402(A)_CD;K_413(A)_K;	GLU_121(A), GLU_191(A) HOH_507(A);GLU_191(A) HOH_554(A), HOH_593(A);
4nai_11	K	K_409(A)_K;	THR_115(A), PRO_183(A), VAL_185(A);
4nal_3	K	K_412(A)_K;	LYS_77(A), SER_117(A), MET_119(A);
4nal_4	K	K_413(A)_K;	ASP_189(A) HOH_501(A), HOH_509(A);
4nal_5	K	K_414(A)_K;	ASP_147(A) HOH_507(A);
4nal_8	K	K_408(A)_K;	ASP_290(A);
4nan_5	K	K_409(A)_K;	LEU_184(A), ASN_282(A), ILE_283(A);
4nan_9	K	K_408(A)_K;	DTT_402(A), HOH_549(A);
4izn_10	K	K_301(F)_K;	LYS_134(F), GLU_164(F) HOH_439(F), HOH_477(F);
4bv8_2	K	K_1313(A)_K;	LEU_130(A), GLY_219(A), CYS_283(A), LYS_285(A), THR_287(A);
4m7j_1	K	K_302(H)_K;	THR_30(H), THR_31(H);
4bz0_1	K;K;K;	K_1188(A)_K;K_1190(A)_K;K_1192(A)_K;K_1193(A)_K;	TRP_19(A), GLN_20(A);;;HOH_2016(A)
4bz0_2	K	K_1189(A)_K;	HOH_2053(A);
4bz0_3	K	K_1191(A)_K;	VAL_14(A), SER_70(A), ASP_122(A);
4ma1_1	K	K_301(L)_K;	TYR_27(L) HOH_443(L), HOH_444(L);
4byz_2	K	K_1194(A)_K;	TRP_19(A), GLN_20(A) HOH_2045(A);
4byz_3	K	K_1195(A)_K;	HIS_115(A) HOH_2084(A), HOH_2097(A);
4byz_4	K	K_1198(A)_K;	SER_21(A) HOH_2070(A);
4byz_5	K	K_1196(A)_K;	SER_23(A);
4bgu_8	K	K_1309(D)_K;	SER_185(D) HOH_2142(A), HOH_2287(D), HOH_2289(D);
4bgu_10	K	K_1311(C)_K;	ASP_301(C) HOH_2419(C), HOH_2422(C);
4bgu_12	K	K_1308(D)_K;	ASP_135(D) HOH_2216(D);
4bgu_14	K	K_1312(A)_K;	P33_1343(A), HOH_2514(A);
4bgu_16	K	K_1305(D)_K;	ASP_28(D), ASP_240(B) HOH_2031(D), HOH_2362(B), HOH_2363(B);
4bgu_17	K	K_1308(C)_K;	PG4_1341(C), HOH_2223(C);
4bgu_20	K	K_1310(C)_K;	SER_72(C), ASP_113(C) HOH_2056(C), HOH_2122(C), HOH_2125(C), HOH_2128(C);
4bgu_21	K	K_1305(A)_K;	ASP_28(A) HOH_2042(A), HOH_2052(A), HOH_2108(A), HOH_2358(C);
4bgu_22	K	K_1307(A)_K;	GLU_109(A) 1PE_1342(A);
4bgu_23	K	K_1306(D)_K;	ASP_101(D), SER_105(D), THR_133(D);
4oz1_1	K	K_601(A)_K;	ASN_483(A), HIS_486(A) HOH_768(A);
4chi_1	K	K_502(B)_K;	ASP_83(B), LEU_87(B) HOH_1184(B), HOH_1443(B), HOH_1465(B);
4chi_3	K	K_501(A)_K;	ILE_78(A), CYS_82(A);
4n8o_1	K	K_204(B)_K;	CYS_73(B) HOH_344(B), HOH_362(B);
4n8o_2	K	K_202(B)_K;	LYS_144(B), GLN_146(B), VAL_149(B) HOH_337(A);
4n8o_3	K	K_203(B)_K;	GLU_86(B), ARG_88(B), VAL_91(B) HOH_312(B), HOH_338(B);
4kyu_1	K	K_203(A)_K;	HOH_360(A);
4mmk_9	K	K_103(L)_K;	HOH_218(L);
4mmk_18	K	K_103(F)_K;	GLU_18(F);
4tlz_6	K;	K_505(A)_K;K_506(A)_K;	GLU_115(A), LEU_118(A), HIS_120(A) HOH_650(A);SER_116(A), LEU_118(A);
4r33_3	K	K_508(B)_K;	GLU_380(B), VAL_386(B), PHE_389(B) HOH_655(B);
4qfc_1	K	K_401(B)_K;	LEU_122(B), PHE_125(B), TYR_128(B);
4pu6_1	K	K_202(C)_K;	VAL_111(C), MET_112(C), SER_115(C), HIS_117(C) HOH_309(C);
4q2e_7	Mg;K	MG_304(B)_MG;K_305(B)_K;	ASP_239(B), ASP_269(B);ASP_239(B);
4pu6_4	K	K_201(C)_K;	LEU_58(C), GLU_59(C), ASP_61(C), SER_66(C), ARG_68(C);
4n3d_1	K;	K_303(A)_K;K_305(A)_K;	HIS_139(A), GLU_172(A) HOH_668(A);GLY_138(A), HIS_139(A) HOH_502(A), HOH_521(A), HOH_632(A);
4n3d_2	K	K_304(A)_K;	TYR_145(A), SER_205(A) HOH_317(B), HOH_319(B), HOH_432(A);
3wlv_1	K	K_402(C)_K;	ILE_32(C), SER_35(C), ARG_133(B);
3wlv_2	K	K_403(B)_K;	ILE_32(B), SER_35(B), ARG_133(C);
4le2_2	K	K_203(A)_K;	GLU_56(A), THR_81(A);
4le2_8	K	K_203(C)_K;	ASP_49(C);
4p7k_2	K	K_303(A)_K;	ASP_184(A), HIS_185(A), TYR_190(A) HOH_678(A), HOH_685(A), HOH_694(A);
4p7g_1	K	K_301(A)_K;	VAL_226(A), ARG_227(A), SER_229(A), PHE_232(A), GLU_242(B) HOH_419(B);
4p7g_2	K	K_301(B)_K;	VAL_226(B), ARG_227(B), SER_229(B), PHE_232(B), GLU_242(A) HOH_428(A);
4mwo_1	K	K_304(A)_K;	ASP_41(A), ASP_43(A), ASP_176(A) 2E2_301(A), HOH_402(A), HOH_575(A);
4mwo_2	K	K_303(A)_K;	ALA_119(A), LEU_121(A), THR_124(A) HOH_532(A), HOH_534(A), HOH_548(A);
3wgd_1	K	K_202(F)_K;	TYR_66(F) HOH_314(A);
3wgd_2	K	K_204(I)_K;	HIS_73(I);
3wgd_3	K	K_203(E)_K;	THR_67(E), TYR_136(B);
3wgd_5	K	K_204(C)_K;	LEU_65(C) HOH_320(C);
4tm0_3	K	K_504(D)_K;	LEU_30(D), SER_33(D);
4tm0_7	K	K_505(A)_K;	LEU_118(A);
3wvl_12	K	K_603(E)_K;	THR_30(E), ASN_153(E);
3wvl_13	Mg;K	MG_602(K)_MG;K_603(K)_K;	ASP_87(K) ATP_601(K);LYS_51(K) ATP_601(K);
4czb_1	K	K_1405(C)_K;	ILE_209(C), CYS_212(C), ASP_267(C), ASP_269(C);
4o8p_2	K	K_408(A)_K;	XYP_406(A), HOH_524(A), HOH_532(A), HOH_556(A), HOH_664(A);
4qbb_1	K	K_201(A)_K;	LYS_108(A), LEU_111(A), THR_113(A) HOH_339(A), HOH_340(A), HOH_413(A);
4qbt_1	K;	K_502(A)_K;K_509(A)_K;	ALA_43(A), TYR_52(A) HOH_601(A);;
4rlg_2	K	K_503(C)_K;	VAL_389(C), ARG_392(C), LEU_395(C);
4rjz_1	K	K_501(A)_K;	ILE_109(A), SER_112(A), ILE_115(A) HOH_647(A), HOH_1123(A);
4qcl_4	K	K_1305(A)_K;	ILE_1227(A), ILE_1230(A) HOH_1510(A);
4r1x_3	K	K_508(A)_K;	ARG_203(A) HOH_616(A);
4pko_1	Be;Mg;	BEF_602(I)_BE;MG_603(I)_MG;K_604(I)_K;	THR_89(I), THR_90(I) ADP_601(I), BEF_602(I);ASP_87(I) ADP_601(I);LYS_51(I) ADP_601(I), BEF_602(I);
4q6k_1	K	K_601(B)_K;	ASN_348(B), ASP_351(B) EDO_605(B), HOH_1262(B);
4q6k_2	K	K_601(A)_K;	ALA_474(A), ASN_477(A), ASN_480(A) HOH_887(A);
4r2c_2	Zn;K	ZN_501(A)_ZN;K_504(A)_K;	CYS_340(A), CYS_345(A), HIS_358(A), HIS_362(A);CYS_340(A), VAL_342(A), CYS_345(A);
4tmz_1	Mg;K	MG_902(B)_MG;K_903(B)_K;	THR_537(B), THR_557(B) GSP_901(B), HOH_1013(B), HOH_1014(B);ASP_533(B), GLY_555(B) GSP_901(B);
4tkx_4	K	K_707(L)_K;	ASP_388(L) HOH_805(L);
4w8k_1	K	K_401(B)_K;	TYR_42(B), THR_45(B) HOH_601(B);
4w8j_1	K	K_1202(A)_K;	SER_561(A), ASN_564(A), ASP_569(A);
4q10_3	K	K_1002(B)_K;	LEU_869(B), MET_872(B) HOH_1119(B);
4rue_1	K;K;K;K;	K_401(B)_K;K_401(A)_K;K_402(A)_K;K_403(A)_K;K_405(A)_K;	ILE_130(B), GLY_131(B), VAL_239(B), GLY_240(B);THR_129(A), ILE_130(B), THR_238(B), VAL_239(B);THR_129(A), THR_238(B);;
4n8n_1	K	K_201(B)_K;	HOH_233(C), HOH_306(C), HOH_312(C);
4wuo_1	K	K_404(A)_K;	GOL_410(A), GOL_414(A), HOH_517(A);
4mkk_4	K	K_409(A)_K;	TYR_113(A);
4pv2_1	Na;K	NA_201(C)_NA;K_203(C)_K;	GLU_59(C), ASP_61(C), SER_66(C), ARG_68(C);LEU_58(C), ASP_61(C), PHE_64(C), SER_66(C) HOH_304(C);
4pv2_3	Na;K	NA_202(C)_NA;K_204(C)_K;	VAL_111(C), SER_115(C), HIS_117(C) HOH_449(C), HOH_450(C);SER_115(C) HOH_451(C);
4pjo_7	K	K_102(b)_K;	GLN_22(b);
4pjo_21	K	K_101(Q)_K;	SER_73(Q);
4xgc_1	K	K_701(B)_K;	ALA_455(B), ILE_457(B);
4qxg_1	K	K_301(H)_K;	GLY_15(H), SER_84(H), SER_85(H);
4pod_2	K	K_303(B)_K;	ALA_221(B), GLN_223(B), VAL_226(B);
5bmo_3	K	K_300(C)_K;	HIS_21(C), ASP_24(C), HIS_135(C) HOH_477(C);
4uzi_4	K	K_1465(B)_K;	ASP_84(B) HOH_2054(B);
4cn5_1	K	K_1018(D)_K;	DT_10(D), DG_11(D) NO3_1019(D), HOH_2027(C), HOH_2064(B);
4zan_1	K	K_305(A)_K;	HOH_484(A), HOH_509(A), HOH_516(A);
4y02_1	K	K_804(A)_K;	ASN_218(A), ASP_672(A) HOH_966(A);
4y02_2	K	K_803(A)_K;	THR_278(A), THR_651(A), ASP_681(A) HOH_995(A), HOH_1331(A);
4qca_1	K	K_303(A)_K;	SER_172(A), VAL_174(A) HOH_448(A), HOH_474(B), HOH_530(A), HOH_541(A);
4x11_1	K	K_307(A)_K;	GLU_68(A), ASP_70(A), ARG_161(A), THR_163(A) HOH_526(A);
3wnw_13	K	K_206(C)_K;	TYR_40(C) HOH_343(C);
3wnw_22	K	K_203(B)_K;	ASN_11(B) HOH_315(B), HOH_333(B);
4x16_2	K	K_306(B)_K;	GLU_40(B) HOH_550(C), HOH_551(C);
4x14_1	K	K_309(D)_K;	GLU_40(D), THR_205(E), GLU_208(E) HOH_489(E), HOH_501(E);
4x14_3	K	K_307(A)_K;	GLU_40(E), THR_205(A), GLU_208(A) HOH_493(A), HOH_507(A), HOH_510(A), HOH_515(A);
4ya9_8	K	K_301(c)_K;	CYS_31(H) ASJ_4(c);
4ua6_1	K	K_2003(A)_K;	SER_70(A), SER_130(A) PO4_2001(A), HOH_2223(A), HOH_2313(A);
4ud8_2	K	K_905(B)_K;	GLU_64(B), GLU_87(B), ASP_134(B), SER_136(B) HOH_2012(B), HOH_2014(B);
4x3k_3	K	K_102(B)_K;	LYS_19(B), GLU_58(B), GLU_61(B), GLU_62(B);
4qrh_3	Mg;K	MG_301(C)_MG;K_302(C)_K;	0O2_304(C), HOH_542(C);TYR_36(C), SER_39(C), GLU_103(C) 0O2_304(C), HOH_422(C), HOH_423(C);
4ttg_2	K	K_3005(A)_K;	ASP_201(A), PHE_601(A), ASN_604(A) HOH_3379(A), HOH_3484(A);
4ttg_6	K	K_1108(D)_K;	LEU_910(D), ALA_913(D) HOH_1846(D), HOH_1928(D);
4ttg_8	K	K_3006(C)_K;	PHE_556(C), TYR_559(C), LEU_562(C) HOH_3585(C), HOH_3806(C);
4ttg_9	Mg;K	MG_3003(A)_MG;K_3008(A)_K;	GLN_718(A) HOH_3474(A), HOH_3585(A), HOH_3644(A), HOH_3811(A), HOH_3867(A);LEU_910(A), ALA_913(A) HOH_3490(A), HOH_3811(A);
4udj_2	K	K_333(C)_K;	HIS_196(C), VAL_197(C), TRP_255(C) HOH_493(C), HOH_536(C);
4udj_4	K	K_607(A)_K;	SER_41(F), ASP_277(F), ASP_304(F) HOH_587(F);
4caz_3	K	K_1508(B)_K;	PE4_1505(B);
4wol_1	K	K_101(A)_K;	ASP_23(A), THR_27(A);
4d4t_1	K	K_1256(A)_K;	VAL_94(A), LEU_96(A), LEU_230(A), GLU_231(A), GLU_233(A) HOH_2059(A);
4oe9_1	K	K_202(B)_K;	SER_23(B) HOH_407(B);
4zad_1	Mn;K	MN_601(A)_MN;K_602(A)_K;	ASN_174(A), GLU_240(A) 4LU_603(A), HOH_713(A), HOH_717(A);MET_232(A) 4LU_603(A);
4zag_1	K	K_304(A)_K;	SER_15(A) HOH_507(A);
4zaa_2	K	K_605(A)_K;	ARG_421(A), ASP_427(A), ASP_459(A), LEU_461(A);
4rgq_1	K;	K_402(D)_K;ZN_403(D)_ZN;	ASP_105(D), ASP_148(D), ASN_152(D), ALA_221(D);ASP_148(D), HIS_226(D), HIS_247(D) 13P_404(D), HOH_501(D);
4rp3_1	K	K_101(A)_K;	CL_103(A), HOH_269(A);
4wpz_1	K	K_501(A)_K;	THR_287(A) HOH_749(A);
5aer_2	K	K_203(A)_K;	HOH_2015(A);
5aeo_1	K	K_1158(A)_K;	ASN_106(A), VAL_108(A), TYR_111(A), ASN_113(A);
4u6c_1	K	K_402(A)_K;	LEU_96(A), GLU_208(A) HOH_546(A);
4d7a_1	K	K_301(C)_K;	GLN_158(C), GLN_174(C), SER_206(C), GLU_208(C);
4toe_93	K	K_209(N)_K;	GLN_151(N);
4toe_107	K	K_209(G)_K;	ASN_148(I), GLN_151(I);
5aw4_1	K;	K_2003(A)_K;RB_2006(A)_RB;	THR_779(A), SER_782(A), ASN_783(A), ASP_811(A) HOH_2101(A);VAL_329(A), ALA_330(A), VAL_332(A), GLU_786(A), ASP_811(A);
5dd7_1	Mg;Mg;K;K;Mg;K	MG_402(B)_MG;MG_403(A)_MG;MG_403(B)_MG;K_404(B)_K;K_406(A)_K;MG_406(B)_MG;K_407(B)_K;	ASP_43(B), ASP_71(B) ANP_401(A), HOH_553(B), HOH_577(B);ASP_43(B), ASP_118(A) ANP_401(A), HOH_528(A);ASP_26(A), ASP_71(B), ASP_198(B) ANP_401(A), HOH_553(B), HOH_607(B);ASP_26(A), ASP_71(B) ANP_401(A), HOH_528(A), HOH_620(B), HOH_657(B);ASP_201(B) ANP_401(A), HOH_522(A), HOH_592(A);ASP_25(A), ASP_26(A), ALA_74(B), VAL_141(B), MET_196(B);
4xd0_2	K	K_404(A)_K;	SER_241(A), SER_259(A), THR_260(A) HOH_589(A), HOH_621(A), HOH_809(A);
3x3z_5	K	K_1004(A)_K;	ALA_93(A), SER_562(A) HOH_1425(A);
4zbm_1	Ba;K;	BA_201(B)_BA;K_202(B)_K;K_203(B)_K;	THR_63(B), VAL_64(B);THR_63(B);;
5af2_1	K;	K_1837(A)_K;K_1838(A)_K;	15P_1836(A);15P_1836(A);
4wwd_1	K	K_205(A)_K;	HOH_310(A), HOH_317(A), HOH_464(A);
5d8s_5	K	K_201(A)_K;	ASN_148(K), GLN_151(D);
5d8s_6	K	K_201(B)_K;	ASN_148(H), GLN_151(H);
5d8s_8	K	K_201(C)_K;	ASN_148(E), GLN_151(C);
4wws_3	K	K_301(C)_K;	ILE_63(D), GLY_65(D), ALA_68(D) HOH_477(D);
4xqk_1	K	K_1601(B)_K;	ASP_962(B), GLY_966(B), GLU_969(B) HOH_1728(B), HOH_1740(B);
4xqk_3	K	K_1601(A)_K;	ASP_447(A), LEU_452(A) HOH_1758(A);
5d8r_8	K	K_202(A)_K;	ASN_148(J), GLN_151(A);
5a71_1	K	K_1320(A)_K;	ASP_252(A);
5a71_3	K	K_1321(B)_K;	ASN_206(B) HOH_2298(B), HOH_2376(B);
5a71_6	K	K_1321(A)_K;	HOH_2099(A), HOH_2100(A), HOH_2106(A);
5a71_7	K	K_1322(A)_K;	ASP_17(A), LEU_20(A) HOH_2062(A);
4w5v_1	K	K_602(B)_K;	HOH_731(B);
4x6j_1	K	K_303(A)_K;	ALA_197(A), ALA_203(A) HOH_551(A);
4rj9_1	K	K_202(A)_K;	ARG_22(A), ASP_81(A) HOH_303(A), HOH_324(A), HOH_419(A), HOH_577(A);
4rj9_2	K	K_201(A)_K;	ASP_28(A), ASP_74(A), LYS_75(A) HOH_333(A);
4zun_4	K;Zn;	K_401(B)_K;ZN_403(B)_ZN;ZN_404(B)_ZN;	ASP_193(B), ASP_195(B), HIS_197(B), SER_216(B), LEU_217(B);ASP_195(B), HIS_197(B), ASP_284(B) SS9_405(B);HIS_158(B), HIS_159(B) SS9_405(B), HOH_804(B);
3x42_1	K	K_707(B)_K;	VAL_79(B) HOH_1099(B);
5cc8_2	Mg;Mg;K;K;	MG_401(B)_MG;MG_406(A)_MG;MG_410(A)_MG;K_411(A)_K;K_412(A)_K;	ASP_43(B), ASP_71(B) ANP_401(A), HOH_519(B), HOH_571(B);ASP_43(B), ASP_118(A) ANP_401(A), HOH_532(B);ASP_26(A), ASP_71(B), ASP_198(B) ANP_401(A), HOH_559(B), HOH_571(B);ASP_25(A), ASP_26(A), ALA_74(B), VAL_141(B), MET_196(B);
5d87_3	K	K_406(A)_K;	HOH_557(A), HOH_587(A);
5evc_1	K	K_305(B)_K;	VAL_24(B), GLU_25(B), ARG_27(B) HOH_461(B), HOH_515(B);
5evc_4	K	K_301(B)_K;	MET_11(B), THR_194(B), GLU_195(B) SO4_302(B), F_303(B);
5ayo_2	K	K_501(A)_K;	THR_20(A), ASP_24(A), ASN_196(A), SER_199(A);
5hw2_4	K	K_501(B)_K;	ASP_96(B), GLY_182(B), THR_211(B), GLN_212(B);
4xs4_1	K	K_201(B)_K;	THR_72(C) HOH_220(C), HOH_326(B), HOH_330(B);
4xs6_3	K	K_201(D)_K;	THR_72(E);
5a19_1	Mg;K	MG_409(A)_MG;K_410(A)_K;	ASP_31(A) PPK_403(A), HOH_2012(A), HOH_2013(A), HOH_2143(A);ASP_258(A) HOH_2103(A), HOH_2143(A);
4x3m_1	K	K_303(B)_K;	GLU_24(B), ARG_25(B) HOH_514(B);
5dou_3	Mg;Mg;K;	MG_2002(A)_MG;MG_2003(A)_MG;K_2005(A)_K;K_2006(A)_K;	GLU_714(A), ASN_716(A) PO4_2007(A), ADP_2008(A), HOH_2114(A);GLN_700(A), GLU_714(A) PO4_2007(A), ADP_2008(A), HOH_2206(A);THR_544(A), GLU_545(A), GLU_714(A), VAL_715(A);PO4_2007(A), HOH_2314(A)
4yu6_5	K	K_1006(B)_K;	HIS_494(B), ASP_606(B), ASP_621(B), GLU_623(B);
5dou_6	K	K_2014(A)_K;	LYS_892(A), LEU_894(A), CYS_920(A) HOH_2263(A);
5dou_10	K	K_2013(A)_K;	LEU_778(A), PHE_781(A), THR_784(A);
5ah0_1	K	K_1405(B)_K;	ASP_374(B), THR_380(B) HOH_2009(B), HOH_2018(A);
4zxh_1	K	K_1403(A)_K;	GLU_369(A), LEU_370(A), LEU_372(A), ILE_374(A), SER_389(A);
5ah1_1	K	K_1457(A)_K;	SER_237(A), ASP_238(A), MET_240(A);
5ah1_2	K	K_1456(A)_K;	PRO_351(A), ASP_425(A), ASP_428(A) HOH_2010(A), HOH_2012(A), HOH_2582(A);
5axg_1	K	K_701(B)_K;	ASN_200(B), PRO_201(B) HOH_1128(B);
5fkr_1	K	K_1767(A)_K;	GLY_300(A), TYR_329(A), ILE_351(A);
5cog_1	K	K_202(B)_K;	ASP_34(B), THR_43(B) HOH_341(B), HOH_386(B);
5fks_1	K	K_1784(A)_K;	GLU_162(A), VAL_226(A) HOH_2114(A), HOH_2115(A), HOH_2173(A), HOH_2174(A);
5byi_3	K	K_304(A)_K;	HOH_662(A);
5byi_4	K	K_305(A)_K;	ASN_62(A), HIS_64(A) HOH_639(A), HOH_705(A);
5f6q_1	K	K_208(B)_K;	HIS_78(B) HOH_398(B), HOH_412(B);
5a9f_2	K	K_1893(A)_K;	VAL_799(A), LEU_802(A);
4xeb_1	K	K_506(A)_K;	ASP_170(A), GLU_209(A) CE6_505(A), HOH_998(A), HOH_1087(A);
4xeb_2	K	K_508(A)_K;	THR_399(A) HOH_892(A), HOH_955(A);
4xeb_4	K	K_507(A)_K;	THR_86(A) HOH_983(A), HOH_1082(A), HOH_1195(A);
5fog_1	K	K_1545(C)_K;	ALA_398(C), THR_401(C) HOH_2046(C), HOH_2049(C);
5fog_2	K	K_1543(D)_K;	ALA_398(D), THR_401(D), TYR_403(D) HOH_2034(D), HOH_2035(D), HOH_2038(D);
5ec1_1	K;K;K;	K_2003(C)_K;K_2004(C)_K;K_2007(C)_K;K_2008(C)_K;	TYR_78(C);GLY_77(C) LHV_76(C);;
5ec1_3	K	K_2005(C)_K;	THR_75(C);
5avq_1	K;	K_2003(A)_K;TL_2006(A)_TL;	THR_779(A), SER_782(A), ASN_783(A), ASP_811(A) HOH_2101(A);VAL_329(A), ALA_330(A), VAL_332(A), GLU_786(A), ASP_811(A);
5hv4_3	K	K_307(A)_K;	ASP_54(A), LYS_172(A);
5hv4_5	K	K_308(A)_K;	ASP_184(A), SER_186(A);
5hv4_6	K	K_311(A)_K;	GLU_154(A) HOH_410(A);
5hv4_7	K	K_309(A)_K;	HIS_114(A);
5hv4_8	K	K_310(A)_K;	GLU_119(A), GLU_202(A) HOH_417(A);
5hv4_11	K	K_312(A)_K;	HIS_134(A);
5haf_1	K	K_401(A)_K;	VAL_173(A), SER_176(A), LEU_179(A) HOH_526(A);
5haf_2	K	K_402(A)_K;	SER_211(A);
5g0j_2	K;	K_1812(A)_K;K_1814(A)_K;	ASP_230(A), ASP_323(A), TYR_363(A) HOH_2060(A);ASP_228(A), ASP_230(A), HIS_232(A), SER_251(A), VAL_252(A);
5cbw_2	K	K_202(A)_K;	ASP_160(A), CYS_161(A) FMT_203(A), HOH_433(A);
5j9p_2	K;K;K;K;	K_201(C)_K;K_202(C)_K;K_203(C)_K;K_204(C)_K;K_205(C)_K;	;TYR_78(C);VAL_76(C), GLY_77(C);THR_75(C), VAL_76(C);
5kuk_5	K	K_506(A)_K;	HOH_727(A), HOH_759(A);
4xg1_6	K	K_502(D)_K;	SER_187(D), LEU_189(D), LEU_192(D) HOH_642(D);
5clk_3	K	K_202(B)_K;	ALA_16(B), ALA_19(B), ILE_88(B), ASN_92(A);
5clk_4	K	K_206(A)_K;	SER_90(B) HOH_319(B);
5clk_7	K	K_205(A)_K;	ALA_19(A), ILE_88(A);
5ccr_1	K	K_201(A)_K;	PGE_205(A);
5ccr_2	K	K_202(A)_K;	PGE_206(A);
5fw1_3	K;	K_2082(A)_K;K_3369(B)_K;	U_22(A), GLY_365(B);TYR_362(B), GLY_365(B), ALA_367(B);
5fw2_4	K	K_2373(B)_K;	HOH_2011(B), HOH_2012(B), HOH_2013(B);
5fw2_7	K;	K_2368(B)_K;K_2372(B)_K;	A_65(A), U_66(A), THR_1102(B) HOH_2072(A), HOH_2073(A), HOH_2077(A), HOH_2078(A);HOH_2001(B), HOH_2007(B), HOH_2073(A);
5fw5_1	K	K_1144(B)_K;	HOH_2077(A);
5fw5_2	K	K_1143(B)_K;	HOH_2027(B);
5e3c_3	K	K_803(A)_K;	SER_317(A), GLY_323(A), SER_504(A) HOH_905(A);
5kfa_1	Ca;K	CA_501(A)_CA;K_506(A)_K;	ASP_13(A), MET_14(A), ASP_115(A) DTP_505(A);DT_8(P), ASP_115(A), GLU_116(A) DTP_505(A);
5i3h_1	K	K_302(A)_K;	HOH_561(B);
5i3h_2	K	K_301(A)_K;	HOH_447(A);
5cvt_1	K	K_202(B)_K;	PGF_203(B), HOH_363(B);
5a1i_2	K	K_404(A)_K;	HOH_1067(A);
5fg1_1	K	K_501(A)_K;	VAL_185(A), GLU_188(A), TYR_208(A), SER_245(A);
5drt_1	K	K_1001(B)_K;	LYS_52(B), MET_55(B), ASN_57(B);
5ce6_2	K	K_503(A)_K;	ALA_294(A), SER_419(A), ASN_421(A) HOH_645(A);
5b2s_8	K;	K_103(A)_K;MG_105(A)_MG;	G_21(A) HOH_229(A), HOH_350(A), HOH_358(A);HOH_299(A), HOH_343(A), HOH_350(A), HOH_1836(B);
4zxo_1	K	K_401(A)_K;	SER_350(A), SER_352(A), ILE_355(A) HOH_503(A), HOH_737(A), HOH_787(A);
5fw3_2	K	K_2367(B)_K;	GLU_584(B), ARG_586(B), ASN_588(B) HOH_2043(B), HOH_2044(B);
5fw3_4	K	K_2373(B)_K;	HOH_2006(B), HOH_2007(B), HOH_2077(B);
5fw3_5	K	K_2368(B)_K;	A_65(A), U_66(A), THR_1102(B) HOH_2046(A), HOH_2049(A);
5fw3_6	K	K_2370(B)_K;	TYR_362(B), GLY_365(B), ALA_367(B);
5fw3_7	K	K_2366(B)_K;	A_68(A), GLN_1350(B) HOH_2051(A), HOH_2075(B);
5fw3_8	K	K_2369(B)_K;	LEU_623(B), THR_624(B), TYR_656(B) HOH_2002(C), HOH_2048(B);
5fw3_9	K	K_2371(B)_K;	LEU_229(B), GLU_232(B);
5fw3_12	K	K_2372(B)_K;	ALA_640(B), PHE_643(B);
5fht_2	K	K_403(A)_K;	THR_235(A);
5dkp_20	K	K_301(d)_K;	MET_85(d), ILE_88(d), PRO_90(d) HOH_403(d), HOH_407(d);
5lk1_2	K	K_504(A)_K;	TYR_105(A), PHE_240(A), GLY_242(A);
5a8k_9	K	K_445(E)_K;	LYS_7(E) HOH_2012(E), HOH_2013(E), HOH_2282(E);
5a8k_11	K	K_561(D)_K;	VAL_124(D) ETX_1552(D), HOH_2187(D), HOH_2188(D), HOH_2199(D), HOH_2487(D);
5a8k_12	K	K_566(A)_K;	ASP_170(A) HOH_2140(A), HOH_2265(A), HOH_2266(A), HOH_2268(A), HOH_2269(A), HOH_2312(A);
5a8k_13	K	K_250(C)_K;	SER_51(C), ALA_78(C) HOH_2090(C), HOH_2093(C), HOH_2096(C), HOH_2097(C), HOH_2140(C);
5txg_1	K	K_702(A)_K;	ARG_252(A), LEU_253(A), GLN_255(A), ILE_257(A) HOH_991(A);
5txg_2	K	K_701(A)_K;	SER_285(A), SER_489(A);
4x62_166	K	K_202(G)_K;	ARG_79(G);
5dmj_1	K	K_301(F)_K;	CYS_125(F), SER_126(F), PHE_129(F), SER_152(F), VAL_154(F);
4yb5_3	K	K_303(C)_K;	ARG_160(E), GLN_178(C), ASN_181(C);
4yb5_4	K	K_305(C)_K;	ARG_160(C), GLN_178(E), ASN_181(E);
5m72_1	K	K_203(A)_K;	GLN_57(A), ASN_58(A) HOH_340(A);
5i4z_1	K	K_103(B)_K;	ASP_32(B), ASN_39(B) HOH_239(B);
5i4z_2	K	K_104(B)_K;	SER_90(B) HOH_225(A);
4z49_1	K	K_2601(B)_K;	SER_2308(B) HOH_2782(B);
5ft0_1	K	K_1258(B)_K;	ILE_97(B), ASN_100(B), TYR_103(B) HOH_2066(B), HOH_2068(B);
5hi6_1	K	K_203(A)_K;	ASP_12(B), GLU_71(A);
5hi6_3	K	K_202(B)_K;	ALA_8(B), ILE_15(B) HOH_424(B);
5ftb_3	K	K_1442(A)_K;	THR_27(A), LEU_143(A) HOH_2321(A);
5ftb_4	K	K_1432(A)_K;	GLY_134(A) HOH_2052(A), HOH_2053(A), HOH_2054(A), HOH_2287(A), HOH_2288(A), HOH_2295(A);
5ftb_5	K	K_1439(A)_K;	HOH_2398(A), HOH_2399(A);
5ftb_7	K	K_1438(A)_K;	HOH_2039(A);
5ftb_9	K	K_1440(A)_K;	PHE_168(A) HOH_2354(A);
5ftb_10	K	K_1437(A)_K;	THR_235(A), ASP_239(A) HOH_2448(A);
5koe_2	K;	K_605(B)_K;K_609(C)_K;	ASP_212(B), PHE_215(B) HOH_896(B), HOH_1123(B), HOH_1127(B);HOH_896(B), HOH_1015(C), HOH_1127(B), HOH_1206(C);
5koe_3	K	K_608(C)_K;	SER_471(C), THR_473(C) HOH_767(C), HOH_1095(C);
5koe_4	K	K_611(A)_K;	ASP_212(A), PHE_215(A) HOH_793(D), HOH_891(A), HOH_1119(D);
5ck0_4	K	K_702(A)_K;	THR_399(A);
5ck0_5	K	K_701(A)_K;	HOH_1012(A), HOH_1073(A);
5ck6_4	K	K_202(A)_K;	ALA_19(A), ILE_88(A), ASN_92(B);
5ifm_2	K	K_403(B)_K;	GLU_166(B);
5tf6_3	K	K_501(C)_K;	ILE_371(C), ASN_373(C);
5tf6_4	K	K_501(A)_K;	ASN_37(A) HOH_325(B), HOH_370(B), HOH_836(A), HOH_898(A);
5a5g_1	K	K_1563(B)_K;	VAL_162(A) HOH_2045(A), HOH_2129(A);
5a5g_3	K	K_1562(A)_K;	PRO_97(A), ILE_123(A), LEU_125(A);
5li1_3	K	K_603(A)_K;	ALA_309(A), HIS_312(A), LEU_315(A) HOH_815(A);
5ujo_2	K	K_301(A)_K;	GLY_238(A) HOH_425(A), HOH_428(A), HOH_453(A), HOH_574(A), HOH_575(A);
5l88_1	K	K_310(H)_K;	ASP_207(H) HOH_466(H), HOH_505(H);
5ife_1	K	K_1301(A)_K;	ASN_612(A);
5ezd_1	K	K_403(B)_K;	HOH_526(B);
5a8r_2	K	K_606(J)_K;	ASN_188(J), LYS_189(J), PHE_191(J) HOH_2075(J), HOH_2078(J);
5a8r_7	K	K_604(D)_K;	ILE_63(D), VAL_65(D), ALA_147(A) HOH_2078(A);
5a8r_10	K	K_604(G)_K;	ILE_63(G), VAL_65(G), ALA_147(J) HOH_2056(J);
5irg_1	K	K_401(A)_K;	ASP_151(A), ILE_152(A), ASP_239(A), CYS_240(A) HOH_578(A);
4mj3_1	K;K;	K_402(C)_K;K_402(D)_K;K_403(D)_K;	ASN_181(C), GLY_182(D), SER_184(C), SER_186(C) HOH_553(C);GLY_182(D), SER_184(C) HOH_586(C), HOH_645(D);ASN_181(D), GLY_182(C), SER_184(D), SER_186(D) HOH_525(D);
4mj3_2	K;K;	K_402(B)_K;K_403(B)_K;K_404(B)_K;	ASN_181(B), SER_184(B), SER_186(B) HOH_537(B);GLY_182(B), SER_184(B) HOH_515(B);GLY_182(B);
5t09_1	K	K_301(A)_K;	ASP_200(A), PRO_202(A) MSE_205(A);
5t5i_1	Fe;Fe;Fe;K;	SF4_402(F)_FE1;SF4_402(F)_FE2;SF4_402(F)_FE3;SF4_402(F)_FE4;K_410(F)_K;	CYS_318(F) SF4_402(F);CYS_271(F) SF4_402(F);CYS_277(F) SF4_402(F);CYS_274(F) SF4_402(F);
5t5i_2	Fe;Fe;Fe;K;	SF4_503(N)_FE1;SF4_503(N)_FE2;SF4_503(N)_FE3;SF4_503(N)_FE4;K_510(N)_K;	CYS_125(N) SF4_503(N);CYS_242(N) SF4_503(N);CYS_239(N) SF4_503(N);CYS_245(N) SF4_503(N);
5t5i_6	Fe;Fe;Fe;K;	SF4_506(N)_FE1;SF4_506(N)_FE2;SF4_506(N)_FE3;SF4_506(N)_FE4;K_512(N)_K;	CYS_200(N) SF4_506(N);CYS_194(N) SF4_506(N);CYS_197(N) SF4_506(N);CYS_164(N) SF4_506(N);
5t5i_7	Fe;Fe;Fe;K;	SF4_406(F)_FE1;SF4_406(F)_FE2;SF4_406(F)_FE3;SF4_406(F)_FE4;K_409(F)_K;	CYS_249(F) SF4_406(F);CYS_118(F) SF4_406(F);CYS_115(F) SF4_406(F);CYS_121(F) SF4_406(F);
5t5i_12	K	K_604(A)_K;	ARG_69(A), SER_76(A), GLY_305(B) HOH_713(A), HOH_894(A);
5t5i_13	Fe;Fe;Fe;K;	SF4_407(F)_FE1;SF4_407(F)_FE2;SF4_407(F)_FE3;SF4_407(F)_FE4;K_413(F)_K;	CYS_160(F) SF4_407(F);CYS_154(F) SF4_407(F);CYS_157(F) SF4_407(F);CYS_204(F) SF4_407(F);
5t5i_14	Fe;Fe;Fe;K;	SF4_101(G)_FE1;SF4_101(G)_FE2;SF4_101(G)_FE3;SF4_101(G)_FE4;K_103(G)_K;	CYS_18(G) SF4_101(G);CYS_15(G) SF4_101(G);CYS_71(G) SF4_101(G);CYS_12(G) SF4_101(G);
5t5i_16	Fe;Fe;Fe;K;	SF4_504(N)_FE1;SF4_504(N)_FE2;SF4_504(N)_FE3;SF4_504(N)_FE4;K_509(N)_K;	CYS_115(N) SF4_504(N);CYS_118(N) SF4_504(N);CYS_121(N) SF4_504(N);CYS_249(N) SF4_504(N);
5t5i_18	K	K_604(I)_K;	ASP_264(I), ASP_300(I) HOH_763(I);
5t5i_24	K	K_104(G)_K;	ASN_54(G), ILE_55(G) HOH_256(G);
5t5m_17	K	K_501(B)_K;	GLU_18(D), VAL_43(B);
5t5n_9	K	K_503(A)_K;	LEU_14(A), TYR_245(B);
5t5n_10	K	K_507(A)_K;	LEU_14(E), TYR_245(A);
5lf0_14	K	K_303(G)_K;	THR_14(G), TYR_125(G), ASN_128(G), MET_131(G) HOH_450(G);
5lup_1	K	K_501(B)_K;	ARG_404(B);
5lup_2	K	K_501(D)_K;	ILE_383(D), ILE_386(D), ARG_404(D);
5l9w_2	K	K_703(A)_K;	ASP_500(A), ASN_501(A);
5iuj_5	K	K_201(F)_K;	GLU_24(F), MET_27(F);
5iul_7	K	K_203(C)_K;	LYS_70(C);
5k0b_2	K	K_306(B)_K;	VAL_183(B), ARG_184(B), SER_186(B), PHE_189(B), TYR_197(G) HOH_511(B);
5k0b_4	K	K_306(A)_K;	VAL_183(F), ARG_184(F), SER_186(F), PHE_189(F), TYR_197(A) HOH_496(F);
5mk5_1	K	K_501(C)_K;	HOH_605(C);
5mk5_2	K;	K_502(C)_K;K_506(A)_K;	ASP_362(C);ASP_362(C) HOH_629(C);
5k09_11	K	K_304(A)_K;	SER_60(A);
5imu_1	K	K_501(A)_K;	THR_227(A), ASN_247(A), THR_249(A) HOH_841(A);
5hdk_1	K;Na;	K_202(D)_K;K_203(D)_K;NA_207(D)_NA;	LEU_17(D), VAL_18(D), GLU_20(D), THR_23(D), ASN_24(D), ILE_27(D);ASN_24(D);VAL_18(D), ASN_24(D), TRP_29(D);
5hdk_3	K	K_201(D)_K;	HOH_315(B), HOH_370(B), HOH_375(B);
5hdk_8	K;	K_201(B)_K;NA_205(B)_NA;	LEU_17(B), VAL_18(B), GLU_20(B), THR_23(B), ASN_24(B), ILE_27(B);VAL_18(B), ASN_24(B), TRP_29(B);
5hdk_9	K	K_201(C)_K;	LEU_17(C), VAL_18(C), GLU_20(C), THR_23(C), ASN_24(C), ILE_27(C);
5k09_41	K	K_302(N)_K;	ASN_41(N), ASP_141(N), ASP_169(N), ASN_170(N), GLU_199(K);
5k09_46	K	K_302(U)_K;	ASN_41(U), ASP_141(U), ASP_169(U), ASN_170(U), GLU_199(V) HOH_411(V);
5hqm_4	K	K_503(B)_K;	LEU_10(B), LEU_12(B), TYR_73(B) HOH_718(B);
5lwo_1	K	K_210(A)_K;	GLY_30(A), PHE_104(A) HOH_347(A), HOH_506(A);
5aoh_1	K	K_1267(B)_K;	GLU_43(B), ASP_206(B), GLY_209(B), VAL_211(B), GLU_213(B) HOH_2118(B);
5tkr_1	Mg;Mg;	MG_502(A)_MG;MG_503(A)_MG;K_506(A)_K;	ASP_26(A) ADP_501(A), HOH_646(A), HOH_658(A), HOH_735(A);GLU_362(A) ADP_501(A), SO4_504(A), HOH_622(A), HOH_725(A);ASP_29(A), GLU_53(A) HOH_696(A), HOH_700(A);
5tkr_2	K	K_505(A)_K;	HIS_176(A), ASN_436(A), ASN_437(A) HOH_831(A), HOH_948(A);
5uj7_3	K	K_302(F)_K;	PHE_22(F), GLU_24(F);
5fhw_1	K	K_203(A)_K;	TYR_23(A);
5vf9_3	K	K_203(A)_K;	GLY_12(A) HOH_344(A);
5uim_5	K	K_405(B)_K;	ILE_57(B) HOH_517(B), HOH_534(B), HOH_599(B), HOH_602(B), HOH_603(B);
5f0g_1	K	K_302(B)_K;	GLU_195(B), GLU_198(B);
5wtr_20	K	K_303(A)_K;	ASN_142(B) HOH_401(B), HOH_402(C), HOH_404(A);
5wtr_23	K	K_305(F)_K;	HOH_470(F);
5wtr_25	K	K_303(F)_K;	ASN_142(H) HOH_402(H), HOH_403(G);
5u3s_2	K	K_507(A)_K;	HOH_655(A), HOH_683(A);
5u3q_2	K	K_512(B)_K;	GLU_435(B) HOH_808(B), HOH_858(B);
5w8p_2	K	K_401(A)_K;	ALA_339(A), LEU_342(A), CYS_345(A) HOH_784(A), HOH_812(A), HOH_827(A);
5vkn_1	K;K;K;K;K	K_401(B)_K;K_401(A)_K;K_402(A)_K;K_403(A)_K;K_411(A)_K;K_412(A)_K;	;;PHE_145(B), GLY_253(A), PHE_254(B);THR_142(A), ILE_143(A), THR_251(A), ILE_252(A);THR_142(B), THR_251(A);
5wif_1	K	K_201(C)_K;	GLU_35(C), GLU_76(C) HOH_313(C), HOH_316(C);
5wie_2	K;K;	K_506(B)_K;K_507(B)_K;K_508(B)_K;	VAL_371(B), GLY_372(B);THR_370(B), VAL_371(B);THR_370(B);
5m99_9	K	K_605(B)_K;	ASP_213(B) EDO_616(B), HOH_820(B), HOH_1018(B), HOH_1037(B);
5ffz_1	K	K_302(A)_K;	GLN_44(A), LEU_48(A), TYR_80(A), ILE_91(A);
5wnn_1	K	K_401(B)_K;	PRO_141(B), VAL_143(B) HOH_534(B);
5lww_7	K	K_624(A)_K;	ASP_554(A) HOH_798(A);
5way_1	K	K_701(A)_K;	SER_424(A), TYR_425(A), CYS_427(A), ASN_429(A);
5dar_4	K	K_202(F)_K;	SER_115(F);
5vyq_2	K	K_307(B)_K;	ASP_74(B) HOH_470(B), HOH_538(B), HOH_553(B);
5tcf_1	K	K_505(B)_K;	GLY_67(B) HOH_690(B);
5to3_1	K	K_502(B)_K;	ASP_423(B), ILE_424(B), GLU_426(B), ASN_439(B), LEU_440(B), THR_443(B) HOH_601(B);
5osn_1	K	K_302(A)_K;	VAL_15(A), ASN_17(A), ASN_57(A);
5osn_2	K	K_301(C)_K;	GLN_222(C) HOH_425(C);
5osn_3	K	K_303(A)_K;	LEU_33(A), GLU_63(D), ALA_65(D);
5vdn_1	K	K_501(A)_K;	ASP_443(A), THR_445(A), VAL_457(A) HOH_983(A), HOH_1059(A), HOH_1080(A);
5wjn_1	K	K_101(B)_K;	ASN_83(B), HIS_84(B), LEU_87(B);
5tvv_1	K	K_201(C)_K;	ASN_20(C), GLY_21(C);
5edu_1	Zn;K	ZN_901(A)_ZN;K_902(A)_K;	ASP_649(A), HIS_651(A), ASP_742(A) TSN_904(A);ASP_647(A), ASP_649(A), HIS_651(A), SER_670(A), LEU_671(A);
5edu_4	K	K_903(A)_K;	PHE_660(A), VAL_666(A), PHE_699(A);
5o8h_6	K	K_504(A)_K;	ARG_192(A), ALA_193(B), SER_195(A) HOH_619(A), HOH_620(B);
5u06_1	K	K_601(B)_K;	GLU_439(B) HOH_718(B);
5ncw_1	K	K_503(A)_K;	HOH_959(A);